playerid,position,jogador,ligas,equipes,partidas,primeira_partida,ultima_partida,partidas_15min_completas,dpm_media,damageshare_media,earnedgoldshare_media,cspm_media,wpm_media,wcpm_media,golddiffat15_media,xpdiffat15_media,csdiffat15_media,kills_pm_media,deaths_pm_media,assists_pm_media,participacao_abates_media,dpm_desvio,cspm_desvio,deaths_pm_desvio,golddiffat15_desvio,dpm_n,damageshare_n,earnedgoldshare_n,cspm_n,wpm_n,wcpm_n,golddiffat15_n,xpdiffat15_n,csdiffat15_n,kills_pm_n,deaths_pm_n,assists_pm_n,participacao_abates_n,cobertura_15min_pct
oe:player:0101bf828e44b2630d500590c4ad461,jng,Gury,LCP,MVK Esports,72,2026-01-17 08:21:31,2026-08-29 10:44:32,72,427.44079027777775,0.16579368611111112,0.20593633333333333,7.19211388888889,0.47659999999999997,0.4543152777777778,-1.8194444444444444,67.38888888888889,1.8194444444444444,0.07148415639552269,0.09394036426032419,0.19744724518785767,0.6770792652203577,177.681416966843,0.8327103111764577,0.06806366042627066,853.0176975260507,72,72,72,72,72,72,72,72,72,72,72,72,71,100.0
oe:player:0103d21d116b61eb55fa351242208cf,sup,Kaiwing,"CBLOL, LCP","Ground Zero Gaming, Vivo Keyd Stars",54,2026-01-17 16:19:20,2026-08-15 11:12:07,54,195.5969611111111,0.07210539444444444,0.10470618703703705,1.1916740740740739,2.0148777777777775,0.5164703703703704,-69.48148148148148,151.96296296296296,1.4814814814814814,0.017361780636927476,0.08447214898371139,0.2965019101593383,0.7547307090403402,84.41788729515291,0.2607831718332121,0.06323836247615883,415.14506401846563,54,54,54,54,54,54,54,54,54,54,54,54,54,100.0
oe:player:01ec6c66d030c0bfe5962c7cfe26655,bot,Scenari0,CBLOL,Golden Lions,2,2026-09-28 21:04:54,2026-09-28 21:55:14,2,408.7092,0.18100149999999998,0.2590055,9.231349999999999,0.48355,0.10045,-266.0,-68.5,-5.0,0.10071257963939534,0.1810876633634409,0.12105007555474515,0.625,199.9953949850346,0.2674984953228724,0.14173973767093223,384.66608896548183,2,2,2,2,2,2,2,2,2,2,2,2,2,100.0
oe:player:035b9ae578574cdf728d8760483d804,sup,Effort,LCK,KT Rolster,85,2026-04-01 10:23:34,2026-09-04 10:58:00,85,197.59900705882353,0.07658216235294117,0.10962906000000001,1.0630988235294117,2.2616976470588237,0.5232717647058823,35.870588235294115,-144.76470588235293,0.2235294117647059,0.024278293262583565,0.09115820091261215,0.2981553252048148,0.748531603053669,91.4487773581171,0.29624850672483505,0.06417665036266931,418.4280898631862,85,85,85,85,85,85,85,85,85,85,85,85,83,100.0
oe:player:03daae1844b9ad257324c3eedf41e28,top,Kiin,LCK,Gen.G,100,2026-01-15 08:05:23,2026-09-13 08:19:05,100,666.3781200000001,0.22540869,0.20048012,8.535288000000001,0.487995,0.19283799999999998,237.76,268.18,4.88,0.10375567734447408,0.07271772021754952,0.21634671655123192,0.5972064357240655,206.1045400908324,0.835373289363395,0.05515931831988889,836.925362879094,100,100,100,100,100,100,100,100,100,100,100,100,100,100.0
oe:player:043e89cd3b06bc1a0555024d475c9d2,jng,Hizto,LCP,Team Secret Whales,79,2026-01-16 06:23:26,2026-08-30 10:26:53,79,538.485224050633,0.176133,0.20988173417721517,7.625456962025317,0.46637721518987346,0.2635670886075949,261.67088607594934,497.55696202531647,7.69620253164557,0.15235799408219639,0.07700701262314368,0.3012249710522314,0.7223716748533892,204.526228124286,0.8189802410946634,0.05487177258997656,823.700572954215,79,79,79,79,79,79,79,79,79,79,79,79,79,100.0
oe:player:051ca2e31ba25123961b3df95fdef4c,sup,Delight,LCK,Hanwha Life Esports,93,2026-01-16 10:08:16,2026-09-13 08:19:05,93,201.48794193548386,0.07076282258064516,0.10891890215053764,1.2362440860215054,2.025724731182796,0.543705376344086,122.6236559139785,1.2150537634408602,4.483870967741935,0.029044552174876514,0.09676591981070044,0.369479013961325,0.750870273928758,78.76635929102811,0.2528872267401823,0.06335705076040728,398.03828508177054,93,93,93,93,93,93,93,93,93,93,93,93,93,100.0
oe:player:054e5f8aeb885db6713f4a3e7328efc,sup,Jun,LEC,GiantX,83,2026-01-17 17:06:08,2026-09-11 18:51:32,83,196.69321686746989,0.07889754578313253,0.10308954457831325,1.0646927710843375,2.2083951807228916,0.49330722891566264,-52.93975903614458,69.80722891566265,-0.4578313253012048,0.013415225637853995,0.08596094969219296,0.26029380665429286,0.746612094037995,72.18815332591835,0.22031815176214137,0.04962096160724528,403.1893384853249,83,83,83,83,83,83,83,83,83,83,83,83,82,100.0
oe:player:05a73863e113f3cb6b472a76da2ea52,mid,DARKWINGS,LCS,Sentinels,66,2026-01-24 23:14:34,2026-09-18 23:20:29,66,690.6874015151515,0.27450112121212117,0.2152692121212121,8.859201515151515,0.4514681818181818,0.24111969696969696,80.53030303030303,37.13636363636363,1.5151515151515151,0.08151196060998285,0.08458207564623703,0.17209079377498807,0.655092420593761,232.29954583384495,0.7525310206726309,0.052486330574906016,611.2360294378789,66,66,66,66,66,66,66,66,66,66,66,66,66,100.0
oe:player:05fafeaf23dc3285558a4e968970b9f,sup,CoreJJ,LCS,Team Liquid,73,2026-01-24 21:24:34,2026-09-27 22:30:06,73,208.60557534246576,0.07997212191780823,0.10502238356164384,1.0305561643835617,1.700532876712329,0.4917,41.84931506849315,-49.61643835616438,-2.1232876712328768,0.027758859714726792,0.06043266396845462,0.32842339520110725,0.7688115135686966,81.77255936166924,0.2171490303572266,0.052726107353361786,414.67318695412536,73,73,73,73,73,73,73,73,73,73,73,73,73,100.0
oe:player:060a269b0eb445a1b5075034787f0cc,sup,Orca,LCP,Ground Zero Gaming,48,2026-01-16 06:23:26,2026-05-16 10:58:46,48,215.640175,0.07771098125,0.10254821666666668,1.1666333333333334,2.06371875,0.49753125,-57.520833333333336,-100.3125,3.2916666666666665,0.019329539303413187,0.11350975702769804,0.282229171204543,0.7315173127833233,81.39760348287878,0.23076785639707117,0.07796458003749829,510.81545110602553,48,48,48,48,48,48,48,48,48,48,48,48,48,100.0
oe:player:0758af26fa0c3af6899bb1569059609,sup,Lospa,LEC,Fnatic,60,2026-01-17 16:08:02,2026-08-30 17:34:38,60,153.19212833333333,0.06222241,0.09473255,0.9683166666666667,2.2006533333333334,0.39537666666666665,-167.36666666666667,-109.33333333333333,-2.1333333333333333,0.01233572537867731,0.0822225196857677,0.26803483631504826,0.733450991041683,56.89837851388371,0.19383961146203174,0.056383892003801485,314.13394350702833,60,60,60,60,60,60,60,60,60,60,60,60,60,100.0
oe:player:08936c56ab5a6453c58974a619651c3,jng,eXyu,LCS,Dignitas,30,2026-01-25 23:15:54,2026-08-01 22:15:00,30,419.68987,0.16503668,0.2030324,6.538496666666666,0.30172333333333334,0.4002133333333333,-489.2,-492.8666666666667,-9.5,0.061289635035599,0.1289899780863772,0.17460091571389388,0.7397537429890372,153.93033635537,0.7507371290172463,0.07498435729887924,636.5916462992042,30,30,30,30,30,30,30,30,30,30,30,30,30,100.0
oe:player:0a53c1102dafce61e89decc517b3175,mid,Loki,"LCK, LCS","Cloud9, HANJIN BRION",45,2026-04-01 08:11:43,2026-09-27 22:30:06,45,630.7057511111111,0.24840953333333332,0.2134375111111111,9.113584444444443,0.42511777777777776,0.2484866666666667,-193.62222222222223,-144.75555555555556,-1.9555555555555555,0.10990800839793656,0.08043847730758065,0.17567236128409888,0.6784281387024782,203.27167516536335,0.8828014159366749,0.05083394094309208,765.5450313008993,45,45,45,45,45,45,45,45,45,45,45,45,44,100.0
oe:player:0ac2fd09745c0d79a8c9d159d265a6c,sup,yaoyao,LPL,Team WE,31,2026-01-16 11:10:15,2026-02-28 10:55:27,24,192.07460967741935,0.06976495483870968,0.09730339677419356,1.0587774193548387,2.040664516129032,0.4608967741935484,-177.16666666666666,-228.04166666666666,-0.8333333333333334,0.020172054594720715,0.130306206941854,0.2939478035731132,0.7332930204110171,85.20228395195109,0.17905179271126626,0.08394179382306569,496.40119351945174,31,31,31,31,31,31,24,24,24,31,31,31,31,77.41935483870968
oe:player:0be01924125adebc1a95bbb09d0c4d1,bot,Starry,LPL,Oh My God,27,2026-01-16 09:16:42,2026-04-17 11:01:20,23,723.3817925925927,0.279394,0.2781235185185185,9.921677777777777,0.46874444444444446,0.3289814814814815,-488.4782608695652,-28.347826086956523,-2.782608695652174,0.10426276662672122,0.10996823874530313,0.13161165021149365,0.750793296480431,281.57883689263645,1.0110330274348622,0.08370185561726098,1193.6760969818943,27,27,27,27,27,27,23,23,23,27,27,27,27,85.18518518518519
oe:player:0c041d02ab7138f57164fafbc091b2d,sup,RedBert,CBLOL,LOUD,31,2026-01-17 18:27:20,2026-04-19 18:00:51,31,217.66793548387096,0.08269009354838709,0.0982751064516129,1.0501225806451613,1.8737193548387099,0.45299999999999996,-252.16129032258064,-137.32258064516128,-1.5483870967741935,0.012719415729782605,0.11395930237488505,0.27812924976035924,0.7327515891929112,81.56086913485557,0.22590308498657471,0.07080474308894266,484.5748030850823,31,31,31,31,31,31,31,31,31,31,31,31,31,100.0
oe:player:0c74b7f78409a4022a2c4c5a5ca3ee1,top,369,LPL,Top Esports,43,2026-01-14 12:37:55,2026-03-02 12:52:33,32,659.3089395348837,0.2281902953488372,0.19816260465116278,8.797874418604652,0.41802558139534884,0.15033720930232558,-219.96875,-91.90625,-6.6875,0.0729078678567593,0.0964201828951145,0.16765486314109143,0.469219204966311,197.95472143566562,0.8259280339031685,0.07130401251746284,841.7143598086376,43,43,43,43,43,43,32,32,32,43,43,43,43,74.4186046511628
oe:player:0cae306fd021751c70ab9f75123b561,jng,Ganks,CBLOL,Golden Lions,2,2026-09-28 21:04:54,2026-09-28 21:55:14,2,369.25964999999997,0.1733585,0.2018835,6.7123,0.3427,0.38280000000000003,-40.5,226.5,10.5,0.06052503777737257,0.1612376174167679,0.1813313883477793,0.675,60.66502421037184,0.39923248865792504,0.0006893583566811093,1446.0333675264897,2,2,2,2,2,2,2,2,2,2,2,2,2,100.0
oe:player:0d9b0a3b3a93a8f759c9d8ac8eef97c,top,Breathe,LPL,"Anyone's Legend, Invictus Gaming",90,2026-04-04 07:13:58,2026-09-13 12:03:56,73,581.9258455555555,0.2132758288888889,0.20129617777777778,8.523068888888888,0.48583111111111116,0.18917777777777778,-30.65753424657534,-39.64383561643836,-1.1917808219178083,0.08717301271976126,0.07805114184183225,0.15190427603157172,0.5030047097086607,222.28936993523118,1.0374469142660268,0.060207839612642,686.4353416823046,90,90,90,90,90,90,73,73,73,90,90,90,89,81.11111111111111
oe:player:0da0eeb199e8fa3ab773cf84f9de9ab,jng,Tian,LPL,Top Esports,84,2026-04-04 07:13:58,2026-09-05 10:08:34,66,476.7182869047619,0.16744705476190477,0.21263715476190476,7.321279761904761,0.3984464285714286,0.39036666666666664,-24.5,84.5,1.6818181818181819,0.11400105443759773,0.10489608043481098,0.24338211489859346,0.7067995783337727,161.00247034266033,0.8380875256617426,0.07625747993350697,839.8155337746681,84,84,84,84,84,84,66,66,66,84,84,84,84,78.57142857142857
oe:player:0e2f0d3ded24c190dd6a4b3d6f89f04,mid,Shanks,LPL,Anyone's Legend,138,2026-01-15 09:26:10,2026-09-13 12:03:56,108,672.475265942029,0.2465895507246377,0.2110573188405797,8.928321014492754,0.42794855072463767,0.23241086956521737,95.1574074074074,118.37962962962963,3.3055555555555554,0.1192489996336513,0.07529931606748612,0.19935804869809629,0.6511974315865174,199.950658853486,0.7951665455127079,0.049440123052322316,766.4783548472132,138,138,138,138,138,138,108,108,108,138,138,138,137,78.26086956521739
oe:player:10b86429ce8048aba673d802632e358,jng,Lucid,LCK,Dplus Kia,117,2026-01-14 11:22:18,2026-09-06 11:11:44,117,468.3089316239316,0.17174578205128205,0.1949985811965812,7.01875641025641,0.40763504273504275,0.4373991452991453,105.71794871794872,301.79487179487177,5.897435897435898,0.0961602043589127,0.09522944510432785,0.2241485375828201,0.7136534232143679,161.37750911104513,0.750516760637194,0.06472465147334061,665.5182819084511,117,117,117,117,117,117,117,117,117,117,117,117,117,100.0
oe:player:10be1f35d8b5ea6babf916a6e7dd8a4,sup,Fleshy,LEC,Team Vitality,78,2026-01-17 19:07:52,2026-09-12 18:48:25,77,219.5670871794872,0.07713559102564102,0.10729188205128204,1.1286743589743589,2.130428205128205,0.6136705128205129,124.66233766233766,-17.83116883116883,0.7662337662337663,0.021920041604517968,0.07996311739516908,0.2942793664833426,0.6947708539506723,91.7102127939921,0.2209762574282277,0.058504628312191234,369.33922541656136,78,78,78,78,78,78,77,77,77,78,78,78,78,98.71794871794873
oe:player:10d1208b485425756fcc932229386b0,sup,MISSING,LPL,LNG Esports,45,2026-01-16 09:16:42,2026-08-09 08:16:44,37,219.88923333333332,0.07646226,0.10600731333333333,1.1029622222222222,2.1158844444444442,0.5082644444444444,149.67567567567568,117.64864864864865,-1.1891891891891893,0.016324489953505647,0.09331295040533302,0.3585990631350034,0.7413514187848932,72.4840199196159,0.24626801483609914,0.059687771911292355,490.7900690640469,45,45,45,45,45,45,37,37,37,45,45,45,45,82.22222222222221
oe:player:10fcffece0ac7be85f09c4b51a75762,bot,Zven,LCS,Cloud9,46,2026-01-24 21:24:34,2026-06-13 21:59:47,46,814.3122,0.2944533695652174,0.2701133043478261,9.946282608695652,0.3661978260869565,0.28003695652173916,108.6086956521739,-308.54347826086956,-0.8478260869565217,0.12753969791704564,0.06031194898637805,0.18023888049545406,0.6555099467096371,256.6189212493135,0.8466574509483615,0.0440845404589703,918.3268718045123,46,46,46,46,46,46,46,46,46,46,46,46,46,100.0
oe:player:11d4eea204ec17c89fd957a648c2e6d,bot,Ryan3,LPL,ThunderTalk Gaming,16,2026-01-19 07:13:41,2026-02-10 08:04:22,14,598.10428125,0.248813125,0.2807109375,9.8110375,0.47068750000000004,0.24593125000000002,-842.5,-771.6428571428571,-13.071428571428571,0.10419924349437854,0.09256491112203492,0.08154321961121624,0.5702284174159175,228.76021837932754,0.4262217167547113,0.038478237320798574,707.0544261501101,16,16,16,16,16,16,14,14,14,16,16,16,16,87.5
oe:player:1213778b5c6d69dcb26aa89f7d0aaa9,mid,Rookie,LPL,Invictus Gaming,78,2026-01-14 09:13:04,2026-09-12 13:07:02,47,708.7865525641025,0.24601544615384613,0.21403714102564103,8.795101282051283,0.41608589743589747,0.2686769230769231,187.72340425531914,104.34042553191489,4.23404255319149,0.10997988853596201,0.07818033336007583,0.19678139893000887,0.6443865571983248,236.62716855067654,0.7533577497372971,0.05232430077478356,816.7345825623993,78,78,78,78,78,78,47,47,47,78,78,78,78,60.256410256410255
oe:player:1223a0ed2bfab9b714c72d965df8133,bot,Supa,LEC,Movistar KOI,94,2026-01-17 21:08:03,2026-09-20 17:13:10,93,788.9656978723403,0.2855395425531915,0.2878982872340426,10.149531914893618,0.3627340425531915,0.3208882978723404,88.53763440860214,-1.6344086021505377,0.053763440860215055,0.15732278194031013,0.07252917227766174,0.14396780022967112,0.642264303848753,252.59206984616156,0.969323747554262,0.06117397608296879,1110.7424128966115,94,94,94,94,94,94,93,93,93,94,94,94,94,98.93617021276596
oe:player:13166913111075999f2adeb687548eb,sup,Parukia,LPL,EDward Gaming,53,2026-01-16 11:10:15,2026-08-28 08:03:38,39,177.88225660377358,0.06837606226415095,0.09725489622641509,1.036256603773585,2.1734754716981133,0.47813962264150944,-30.76923076923077,-388.5897435897436,-3.8461538461538463,0.02287613121708058,0.13046287680258664,0.23315753494896502,0.6800888936568239,70.39817213225973,0.24222245616965252,0.06093442619920809,411.736595764207,53,53,53,53,53,53,39,39,39,53,53,53,52,73.58490566037736
oe:player:132ee4b29ebeac294a420dcebe64bdc,top,Zdz,LPL,EDward Gaming,78,2026-01-16 11:10:15,2026-08-28 08:03:38,64,580.7699346153846,0.22759129358974362,0.20568564102564102,8.666005128205128,0.49060256410256414,0.2019923076923077,112.140625,-3.578125,3.25,0.07132454304517995,0.10968360672351206,0.13027541618434144,0.5565393665150803,202.12724610030162,0.8905216057811123,0.0663272746498688,851.0242170502275,78,78,78,78,78,78,64,64,64,78,78,78,77,82.05128205128204
oe:player:145201414ecb853de684fbe7d6bb5b6,sup,Ackerman,CBLOL,LØS,87,2026-01-17 19:25:07,2026-10-01 22:55:23,87,251.8271540229885,0.0887059551724138,0.10821540804597701,1.1650620689655171,1.9099459770114944,0.5175471264367816,155.4712643678161,181.7471264367816,0.41379310344827586,0.030745456458114644,0.05652012961866855,0.34510574614614536,0.7533487187172295,116.5212949301122,0.2798095000803305,0.044051625822141977,431.1713855296356,87,87,87,87,87,87,87,87,87,87,87,87,87,100.0
oe:player:166969943c4ca12527dd5449aab5e8e,bot,Brance,CBLOL,Estral Esports,6,2026-09-29 21:04:45,2026-10-01 22:55:23,6,738.3465833333333,0.23229199999999997,0.26187350000000004,9.3087,0.5197999999999999,0.42506666666666665,1199.0,311.3333333333333,5.0,0.16620964977852531,0.09208799261850797,0.24511115735006916,0.5723442346287174,263.9869987023408,1.1471893304943175,0.06379419979582844,1528.3860768797915,6,6,6,6,6,6,6,6,6,6,6,6,6,100.0
oe:player:16c1637b4b44b008b4d6627f68ae30a,sup,Vsta,LCP,Fukuoka SoftBank HAWKS gaming,60,2026-01-16 09:25:37,2026-08-06 11:21:55,60,177.014105,0.07179319999999999,0.10080918666666668,1.05935,1.86713,0.4692233333333334,-38.05,29.733333333333334,-1.0833333333333333,0.013510803413143731,0.08403033559646685,0.2478706815251752,0.707524136472851,58.02368257491987,0.21652487429032413,0.06016783124375948,321.17208149557985,60,60,60,60,60,60,60,60,60,60,60,60,60,100.0
oe:player:1725cf69407d2dcdf2873d0669409e8,top,Tracyn,LEC,Team Heretics,55,2026-01-17 18:08:00,2026-08-30 14:51:48,55,544.1969818181818,0.22267667454545456,0.2132569272727273,8.925032727272727,0.3763490909090909,0.13602545454545453,-47.345454545454544,-23.654545454545456,2.327272727272727,0.057582240925775775,0.07872300387188264,0.08300473848620736,0.49105660927693745,232.53964812810844,0.6974688813062361,0.04690171181388582,993.043921638429,55,55,55,55,55,55,55,55,55,55,55,55,55,100.0
oe:player:178ec186b0d43d2669342596c2808cd,bot,Diable,LCK,"BNK FEARX, Nongshim RedForce",95,2026-01-15 10:15:24,2026-08-27 10:48:14,95,793.6205484210526,0.27254693684210524,0.27818811578947367,9.955348421052632,0.5038431578947368,0.32715052631578945,76.27368421052631,35.16842105263158,2.431578947368421,0.1484920727500064,0.10452157173912384,0.17758634449669586,0.6504746602239571,266.9864030445534,0.9181811142043401,0.06686230477996839,1102.1058801715114,95,95,95,95,95,95,95,95,95,95,95,95,95,100.0
oe:player:18a70ca6e551b080cf886828cc18394,jng,Sharvel,LCK,"DN SOOPers, Dplus Kia",21,2026-05-29 08:09:08,2026-08-22 12:30:01,21,495.4486476190476,0.18854128571428572,0.20467857142857143,7.244757142857144,0.4537857142857143,0.3529952380952381,50.0,97.28571428571429,5.0476190476190474,0.10478664241129605,0.08972234139215672,0.22466636061243722,0.7427452558862606,172.36046203960063,0.7661609358166394,0.07560170514808827,827.3704732464169,21,21,21,21,21,21,21,21,21,21,21,21,21,100.0
oe:player:18bdb3898e7fecb3bb0be7ff075d509,bot,deokdam,LCK,DN SOOPers,84,2026-01-14 08:13:43,2026-08-22 12:30:01,84,680.0425892857143,0.26171689285714284,0.26384067857142857,9.272094047619047,0.4499107142857143,0.2754952380952381,-594.952380952381,-412.42857142857144,-14.369047619047619,0.1011245543156874,0.1073572673910655,0.15363544282703417,0.6550297082123756,237.32149355284082,0.7972613940522078,0.05249664794635864,988.7566599749737,84,84,84,84,84,84,84,84,84,84,84,84,83,100.0
oe:player:1999dbe32608051613a2d3ed9c1b0d4,bot,Morttheus,CBLOL,"RED Canids, Vivo Keyd Stars",71,2026-01-17 16:19:20,2026-09-26 19:53:47,71,757.0392042253521,0.29452584507042257,0.2815633943661972,10.021680281690141,0.4244718309859155,0.3644042253521127,188.38028169014083,121.22535211267606,4.957746478873239,0.1173917726985513,0.06356267838567899,0.1529247641333045,0.6543752479292066,260.2297547084386,0.8299219484161009,0.047695739399285654,803.3245628760019,71,71,71,71,71,71,71,71,71,71,71,71,71,100.0
oe:player:199bbcd68b0c89c2fc2c7892385cb2b,top,Tao,LEC,Karmine Corp Blue,11,2026-01-17 20:06:09,2026-02-08 16:47:25,11,585.0687818181818,0.21394636363636366,0.20808372727272728,8.324463636363635,0.3801909090909091,0.15383636363636363,-188.54545454545453,113.0909090909091,-5.0,0.08374923081627675,0.13812279141681588,0.10071811893497579,0.48151015651015655,294.84339969396916,1.0197568791361273,0.06234259166815857,951.2807538930202,11,11,11,11,11,11,11,11,11,11,11,11,11,100.0
oe:player:1b26a8bba6e841f1c375b283db5c1c6,mid,Keine,"CBLOL, LCP","DetonatioN FocusMe, paiN Gaming",44,2026-01-17 08:21:31,2026-08-22 18:48:15,44,652.1039477272727,0.2642770681818182,0.2288055,9.290811363636363,0.40507045454545454,0.2773568181818182,-38.5,66.5909090909091,5.0227272727272725,0.08798884190040038,0.0911579968687035,0.11507036130658371,0.6235254589503602,166.48135069006003,0.7863496205135587,0.05402725688456487,842.5960299974371,44,44,44,44,44,44,44,44,44,44,44,44,44,100.0
oe:player:1b481e5ac2a687de752b330bee95ce8,mid,Renard,LPL,Invictus Gaming,20,2026-04-04 07:13:58,2026-05-23 12:38:43,19,638.949735,0.23440735,0.20820310000000003,8.460555,0.48755,0.24692499999999998,-459.10526315789474,-123.78947368421052,-4.947368421052632,0.1122754149270034,0.08867288957092916,0.15384543543634427,0.6379175936233988,148.7135966516787,0.8554583864959855,0.05424511777648968,680.2467603530062,20,20,20,20,20,20,19,19,19,20,20,20,20,95.0
oe:player:1b90b5086aa57992143a92a2899b8e0,sup,Taki,LCP,GAM Esports,73,2026-01-17 06:17:02,2026-08-22 13:02:20,73,202.09777808219178,0.07917571232876712,0.10361089178082192,1.0529479452054795,2.208638356164384,0.49310547945205474,-17.328767123287673,-116.27397260273973,-2.7945205479452055,0.023141405123359462,0.08396881341065719,0.34164866665405114,0.7823247326004888,81.69824768628973,0.22863901199974423,0.05538077798910615,445.2366429088431,73,73,73,73,73,73,73,73,73,73,73,73,73,100.0
oe:player:1c3f29080dd3dd4f666adbd6448cef4,mid,Pungyeon,LCP,CTBC Flying Oyster,26,2026-01-17 06:17:02,2026-04-11 11:02:21,26,675.1090692307693,0.22544623076923076,0.20798223076923075,9.344138461538462,0.4776846153846154,0.28431153846153845,-104.23076923076923,-133.03846153846155,2.1538461538461537,0.08635676948309415,0.09304548707786127,0.19780142665878742,0.560008006973359,232.47665252942673,0.8735907197661492,0.05472069060467757,819.2186671551037,26,26,26,26,26,26,26,26,26,26,26,26,25,100.0
oe:player:1c42d9266c8b391c7870b7a39f25a12,bot,Photic,LPL,"Invictus Gaming, Ninjas in Pyjamas, Oh My God",75,2026-01-14 09:13:04,2026-09-06 13:43:30,48,792.0446106666667,0.29320328,0.27168677333333335,9.899349333333333,0.4707306666666667,0.4085146666666667,-221.4375,-160.1875,-3.4583333333333335,0.12159491072563626,0.0788248443423192,0.17512378182980237,0.6801203034024949,282.5762405361664,0.7212339914141399,0.05094134996784277,1080.5277651822682,75,75,75,75,75,75,48,48,48,75,75,75,75,64.0
oe:player:1c42d9266c8b391c7870b7a39f25a12,top,Photic,LPL,Ninjas in Pyjamas,1,2026-08-13 08:13:48,2026-08-13 08:13:48,0,626.6232,0.252256,0.23398,9.3964,0.4241,0.4568,,,,0.032626427406199025,0.1631321370309951,0.1631321370309951,1.0,,,,,1,1,1,1,1,1,0,0,0,1,1,1,1,0.0
oe:player:1c51707d8fd9873c9fd184e2cd01b33,bot,Crownie,LEC,Los Ratones,11,2026-01-17 16:08:02,2026-02-08 15:53:10,11,630.7976727272727,0.24970918181818183,0.293657,10.413863636363637,0.4402545454545455,0.4043909090909091,-1.9090909090909092,-717.8181818181819,1.3636363636363635,0.11552074067673089,0.07175632213301936,0.09432509146033388,0.6130755608028335,201.56067991238314,0.7934768040374306,0.05110207555375745,729.8836146325597,11,11,11,11,11,11,11,11,11,11,11,11,11,100.0
oe:player:1d1600d15a68ab1a80348ee748ea1e3,sup,scamber,CBLOL,Vivo Keyd Stars,24,2026-07-26 18:11:19,2026-09-19 17:57:40,24,153.03286666666668,0.06473938333333333,0.1010118625,1.1584791666666667,2.071120833333333,0.4665791666666667,16.583333333333332,144.45833333333334,0.4583333333333333,0.013296483104496796,0.08267519397275389,0.2562894702811693,0.7425368441226974,61.746041058669014,0.23691561326339597,0.05916090088575939,336.9284424953151,24,24,24,24,24,24,24,24,24,24,24,24,24,100.0
oe:player:1efc4e5732e91520d03385900b903f9,top,Thanatos,LCS,Cloud9,74,2026-01-24 21:24:34,2026-09-27 22:30:06,74,597.3631756756756,0.22305363378378376,0.20254314864864867,8.756351351351352,0.4337527027027027,0.1890837837837838,200.7972972972973,177.55405405405406,8.662162162162161,0.0903883680885721,0.06843985355681947,0.144752062487873,0.5386226641760697,208.57559780562522,1.027112956032687,0.05669629888701177,724.151066123594,74,74,74,74,74,74,74,74,74,74,74,74,74,100.0
oe:player:1f7d70f56b608b3137df2493949fdd0,sup,Bie,LCP,Team Secret Whales,79,2026-01-16 06:23:26,2026-08-30 10:26:53,79,232.83898354430377,0.07654460126582278,0.10927169620253166,1.2547392405063291,2.140979746835443,0.6211721518987342,165.36708860759492,74.83544303797468,-0.16455696202531644,0.03523174629802195,0.06550941145398076,0.4327372601293849,0.7292230490524975,97.49047431363773,0.24678927397302683,0.04712398622093222,524.1197792542442,79,79,79,79,79,79,79,79,79,79,79,79,79,100.0
oe:player:204746c853a12888ad72d8035cdf8c7,mid,Jackies,LEC,GiantX,83,2026-01-17 17:06:08,2026-09-11 18:51:32,83,694.4893277108434,0.26989792771084337,0.2274194096385542,9.28217108433735,0.41266987951807227,0.27116385542168675,-23.53012048192771,-59.30120481927711,-3.2289156626506026,0.10469206177564594,0.07989638493473433,0.14256642771792336,0.6373083139094363,254.05955068387462,0.8935381329340932,0.05631357716948566,738.3543391754757,83,83,83,83,83,83,83,83,83,83,83,83,82,100.0
oe:player:211333df928f872c063bce4ef25ea63,jng,Junhao,LPL,ThunderTalk Gaming,80,2026-01-19 07:13:41,2026-08-28 10:50:54,66,458.7960225,0.17633466874999998,0.21827653749999998,7.425105,0.378115,0.38946625,-79.96969696969697,24.727272727272727,1.9393939393939394,0.11278863644604246,0.10859847667641594,0.20577135934848023,0.7534816684947245,203.77924470004362,0.8479086702819121,0.06962603759714069,792.1435178764973,80,80,80,80,80,80,66,66,66,80,80,80,80,82.5
oe:player:219d2d945cfbd391d0ade5e352a1bc5,bot,ceo,CBLOL,"Leviatan, Vivo Keyd Stars",45,2026-01-17 20:16:54,2026-05-23 18:04:34,45,807.9714844444445,0.28330086666666665,0.28467475555555555,9.784684444444444,0.5676133333333333,0.34078888888888886,159.33333333333334,-124.75555555555556,0.4444444444444444,0.12462666968065154,0.08547257241085512,0.12819445385083603,0.6462955189327738,306.9734498388308,0.7711637436532223,0.05455939122445369,812.3464050626319,45,45,45,45,45,45,45,45,45,45,45,45,45,100.0
oe:player:21d0c093d9553e0074a98c5b5880b4c,sup,Elio,LCP,MVK Esports,19,2026-01-17 08:21:31,2026-02-08 10:25:21,19,185.33326315789472,0.07257164736842106,0.09732826315789474,1.1673368421052632,2.0090421052631577,0.4988894736842105,98.15789473684211,50.578947368421055,4.052631578947368,0.01728038095957976,0.08577134579323879,0.1990235199819118,0.6651877893710223,112.07035132441591,0.2615695365598608,0.057827316628699575,589.7228410361652,19,19,19,19,19,19,19,19,19,19,19,19,19,100.0
oe:player:21e6493dca56a03bd0ccbdef211d187,jng,Husha,LCP,Ground Zero Gaming,63,2026-01-16 06:23:26,2026-08-15 11:12:07,63,515.0780285714286,0.18250829206349206,0.20894585714285716,6.955776190476191,0.3800793650793651,0.3617222222222222,-52.111111111111114,2.984126984126984,-1.4444444444444444,0.09987341262741291,0.10770956036620599,0.21351282375265573,0.7360560696959094,220.53087186685667,0.8654544056707616,0.06474864947343414,718.8932154340675,63,63,63,63,63,63,63,63,63,63,63,63,63,100.0
oe:player:21f59b54f62b5b8b4bc0f63f0f617fc,top,Impact,LCS,Sentinels,66,2026-01-24 23:14:34,2026-09-18 23:20:29,66,558.9766136363636,0.223687103030303,0.1938517424242424,7.857492424242425,0.45128333333333337,0.11484242424242425,-269.24242424242425,-115.63636363636364,-7.196969696969697,0.06677196069508039,0.0826300073128798,0.14511332184158973,0.5305330284068368,186.92544640037136,0.7284684068563843,0.04687977982123222,871.9190692967228,66,66,66,66,66,66,66,66,66,66,66,66,66,100.0
oe:player:2452114de900ce4bb971851b668786d,bot,Hype,LEC,Team Heretics,19,2026-07-31 15:08:55,2026-08-30 14:51:48,19,666.1200368421053,0.28808847368421053,0.2720514736842105,10.109052631578948,0.4356210526315789,0.28574736842105264,-385.0,37.31578947368421,-4.2631578947368425,0.05200341993996916,0.07534903888374452,0.11501455660697947,0.6747626642363485,211.6913796258816,0.7006127971429496,0.04372091563321289,910.4589807100348,19,19,19,19,19,19,19,19,19,19,19,19,19,100.0
oe:player:28210a578227a57de61f42f4bd0d2b4,sup,Gaeng,LCP,DetonatioN FocusMe,15,2026-01-17 08:21:31,2026-02-07 10:00:47,15,161.9634,0.07119265999999999,0.09111965333333334,0.9568733333333334,1.6882266666666665,0.32021333333333335,-440.6,-13.133333333333333,-0.8,0.009631673908707838,0.15573947039082442,0.173361432285506,0.642926147926148,64.37225885800054,0.21631724211928935,0.0542422203519026,521.473297494704,15,15,15,15,15,15,15,15,15,15,15,15,15,100.0
oe:player:285954244fdc2bcce532fb88a1e0ddb,top,Rooster,LEC,Shifters,54,2026-01-17 17:06:08,2026-08-30 13:01:54,54,576.7407907407407,0.22022937037037038,0.2182106111111111,8.771387037037037,0.40339074074074077,0.16666481481481482,323.51851851851853,147.16666666666666,6.12962962962963,0.08389463878895224,0.08910914147481554,0.13158647927090292,0.548383596426252,207.7462490488974,0.7992940626002648,0.04986869794309164,799.9985552048449,54,54,54,54,54,54,54,54,54,54,54,54,54,100.0
oe:player:28a1925f6c4df972a5ae722c07bb4c4,bot,Harky,LCP,MVK Esports,56,2026-04-04 11:24:09,2026-08-29 10:44:32,56,720.7029839285715,0.27658173214285714,0.2725691607142857,10.044032142857143,0.35621785714285714,0.3973017857142857,-75.53571428571429,44.232142857142854,2.5357142857142856,0.11715440747063686,0.08569783452954534,0.1729417135503503,0.673948566327756,274.7053137016907,1.055033518314102,0.05264536534188645,1024.5157963072688,56,56,56,56,56,56,56,56,56,56,56,56,55,100.0
oe:player:29bef8f5895e5e4fef8ff0945e68567,top,PerfecT,LCK,KT Rolster,102,2026-01-14 08:13:43,2026-09-04 10:58:00,102,566.0193019607843,0.2197764156862745,0.19770660784313726,8.485724509803921,0.430871568627451,0.20373529411764704,0.9705882352941176,2.9019607843137254,-0.8725490196078431,0.06575438530416847,0.07583545330201258,0.1349121559710072,0.5019906537627631,212.93680519834285,0.9999019563260233,0.04637057344183815,936.721927480836,102,102,102,102,102,102,102,102,102,102,102,102,100,100.0
oe:player:29de9c9016ef68693b02dea19357c78,jng,Van1,LCP,Fukuoka SoftBank HAWKS gaming,60,2026-01-16 09:25:37,2026-08-06 11:21:55,60,381.2814466666667,0.14830365333333334,0.19664951666666666,6.506836666666667,0.4462316666666667,0.42058666666666666,5.2,-245.18333333333334,-4.8,0.07974427599077567,0.09434741419260274,0.20141953844846586,0.7584464763548423,156.54647706138152,0.7284558153408858,0.06483400489497024,771.1718751464871,60,60,60,60,60,60,60,60,60,60,60,60,60,100.0
oe:player:2b5fa564a1259b97bc238fbfa719b07,bot,Teddy,LCK,HANJIN BRION,93,2026-01-14 11:22:18,2026-08-28 11:40:15,93,752.759511827957,0.28880840860215057,0.2875511612903226,10.403332258064516,0.41150752688172043,0.28914301075268817,30.989247311827956,49.89247311827957,1.043010752688172,0.13225621706195026,0.08122684944496332,0.13208001860750346,0.6468074999612322,247.7051155040803,0.7586390738571854,0.05668980569460822,1058.9308748493502,93,93,93,93,93,93,93,93,93,93,93,93,92,100.0
oe:player:2caa05c21e7e142214c20319ff97d09,bot,Kakkun,LCP,DetonatioN FocusMe,46,2026-01-17 08:21:31,2026-08-15 11:12:07,46,651.906104347826,0.2720453043478261,0.26977578260869567,9.365119565217391,0.34087826086956524,0.2123304347826087,-578.0652173913044,-299.9347826086956,-10.043478260869565,0.07393882041158042,0.11488877589781897,0.10786825210418771,0.6439040586923882,199.68349904009148,0.8159259270899444,0.06573900950342311,977.8562812414127,46,46,46,46,46,46,46,46,46,46,46,46,46,100.0
oe:player:2cbf592923f34b2e6acc4b747385c8a,jng,Gryffinn,LCS,FlyQuest,70,2026-01-25 21:13:51,2026-09-25 23:27:30,70,428.07822428571427,0.16074181857142858,0.22313895714285714,7.411117142857142,0.3080714285714286,0.3129057142857143,95.65714285714286,53.614285714285714,0.2571428571428571,0.10620339429272413,0.1015172751200006,0.19250575785056004,0.7115079923032638,191.8433082192131,0.970358241776213,0.07258342179763733,726.7520536001315,70,70,70,70,70,70,70,70,70,70,70,70,70,100.0
oe:player:2cec4b6803b4678250233ae79205f2e,top,1Jiang,LCP,Ground Zero Gaming,63,2026-01-16 06:23:26,2026-08-15 11:12:07,63,674.4146523809524,0.24561192063492066,0.20873507936507935,8.533763492063493,0.4654619047619048,0.17346190476190476,373.5238095238095,296.44444444444446,14.0,0.085413910376021,0.09199166236432811,0.1508545809218955,0.5613715179761224,224.94866736111427,1.0924401884124262,0.05778995368287478,874.5488764655689,63,63,63,63,63,63,63,63,63,63,63,63,63,100.0
oe:player:2e7d6bbb048c7e1ff0eb4d8e3bbad9a,mid,Kati,LCP,MVK Esports,16,2026-01-17 08:21:31,2026-02-08 10:25:21,16,644.09745625,0.2524895,0.2176940625,9.45458125,0.5591875,0.2334,268.9375,200.4375,4.375,0.09402738584197033,0.056258695093096125,0.10943647851606109,0.639159854646987,187.40468540530486,1.0949354460233416,0.0486125398074175,758.0784892300621,16,16,16,16,16,16,16,16,16,16,16,16,16,100.0
oe:player:2e82913920d8a6d0efa480bc35f1ba8,mid,Aria,LCP,Fukuoka SoftBank HAWKS gaming,60,2026-01-16 09:25:37,2026-08-06 11:21:55,60,622.4363716666667,0.24271636333333332,0.22683516666666667,9.177035,0.37135333333333337,0.27309833333333333,109.25,88.33333333333333,1.3333333333333333,0.09744538028883519,0.07020818626785114,0.16021691106428534,0.7071899818248587,196.96280743413791,0.7796621251748763,0.05277597605131146,823.6247217048489,60,60,60,60,60,60,60,60,60,60,60,60,60,100.0
oe:player:2f0b9f7cda18943425d555b51e570e8,sup,Minous,LCK,Kiwoom DRX,1,2026-08-22 12:30:01,2026-08-22 12:30:01,1,305.6462,0.188347,0.0985517,1.054,1.9197,0.2635,-399.0,-552.0,0.0,0.0,0.07528230865746549,0.07528230865746549,1.0,,,,,1,1,1,1,1,1,1,1,1,1,1,1,1,100.0
oe:player:301affc76ea7f69929aff6bf84c642b,mid,Uniboy,LCP,Ground Zero Gaming,15,2026-07-25 09:18:53,2026-08-15 11:12:07,15,664.5462066666666,0.2338638,0.20670046666666667,8.422893333333333,0.24932666666666667,0.21478666666666665,-330.46666666666664,71.26666666666667,-3.4,0.10100073500877545,0.06668894328695879,0.23111887972589346,0.7218409154198628,195.75298797067651,0.9216157771363652,0.05840364826718307,704.767019929957,15,15,15,15,15,15,15,15,15,15,15,15,15,100.0
oe:player:30361653a485a9609fb2d3aa073282c,mid,Bdd,LCK,KT Rolster,102,2026-01-14 08:13:43,2026-09-04 10:58:00,102,641.2104578431372,0.2502337647058824,0.21529364705882353,9.156698039215687,0.4487039215686275,0.18969117647058825,56.03921568627451,-19.852941176470587,0.4803921568627451,0.10176511179327921,0.07632503851126766,0.1853100473313126,0.6995794904083368,206.1516180648993,1.1046343900312368,0.05269810782955838,899.5040759247948,102,102,102,102,102,102,102,102,102,102,102,102,100,100.0
oe:player:3085815ef497539cb1d93b3c9a16624,top,Robo,CBLOL,paiN Gaming,30,2026-01-17 16:19:20,2026-05-02 16:56:25,30,621.8237266666667,0.2337667,0.21753206666666666,8.529286666666668,0.31651,0.17041333333333333,-262.3,-367.8,-6.466666666666667,0.0756941372758976,0.11889314482586981,0.11707705706442978,0.503901540436073,130.16831869998944,0.8307301872172593,0.07653580719975352,1015.509389759472,30,30,30,30,30,30,30,30,30,30,30,30,30,100.0
oe:player:308e48bf56284c09a1a9aadf55bc80c,mid,kyeahoo,LEC,Karmine Corp,104,2026-01-17 20:06:09,2026-09-19 17:16:53,104,682.4740913461538,0.24038291730769232,0.20595216346153847,9.033573076923078,0.41527884615384614,0.26452692307692305,63.01923076923077,31.048076923076923,1.5096153846153846,0.08879444586988837,0.06969110935276178,0.20082279137321726,0.6158133666078017,191.81706556832054,0.9067060664397228,0.05292657704104535,791.1073470636229,104,104,104,104,104,104,104,104,104,104,104,104,103,100.0
oe:player:30b18cd72f0d41ae18f14378d2dab48,jng,climber,LPL,Ultra Prime,12,2026-04-15 09:12:33,2026-05-15 10:06:44,12,453.2756,0.17314907499999999,0.2089055,6.593916666666666,0.286125,0.3994583333333333,122.5,-126.08333333333333,-6.5,0.13131716252329598,0.10206113425314223,0.16952623809236422,0.7606664230019492,219.53175648125594,0.8294964604377695,0.06318224906511102,618.1118610148754,12,12,12,12,12,12,12,12,12,12,12,12,12,100.0
oe:player:3126bca5d4d2555ba3b460699508e16,sup,Pollu,LCK,KT Rolster,6,2026-01-14 08:13:43,2026-01-30 08:05:48,6,173.52491666666666,0.0720311,0.0980459,0.9227166666666666,1.9446833333333335,0.40475,-332.0,-273.3333333333333,0.3333333333333333,0.019808694851514753,0.15925001450251988,0.1808859236175746,0.6295168067226891,91.13564807646712,0.13177616501729997,0.07538728990540904,615.871739893949,6,6,6,6,6,6,6,6,6,6,6,6,6,100.0
oe:player:317aeb74a6dd16bea711bbad361ca44,mid,BuLLDoG,LPL,"EDward Gaming, LNG Esports",71,2026-01-16 09:16:42,2026-08-28 08:03:38,57,659.3767197183099,0.23712040845070423,0.20926194366197182,9.042452112676056,0.510012676056338,0.2638619718309859,-28.403508771929825,61.80701754385965,1.3333333333333333,0.09383519411521836,0.07541400515069212,0.16924337607602208,0.6142868507471758,213.6907190171645,0.958905129652587,0.06136020797375868,863.6286995588755,71,71,71,71,71,71,57,57,57,71,71,71,70,80.28169014084507
oe:player:31b5f1d49f55acb4ee7624813bda6b2,sup,Woody,LCP,DetonatioN FocusMe,31,2026-04-04 09:17:19,2026-08-15 11:12:07,31,186.8041,0.07777131935483872,0.10813686129032259,1.2799032258064515,1.940890322580645,0.5686129032258064,-52.064516129032256,144.25806451612902,4.580645161290323,0.02246836008110339,0.09860652013075172,0.20676266306507454,0.8050676733189467,69.48255078463465,0.20822219779820303,0.047842499666776374,478.2056695247259,31,31,31,31,31,31,31,31,31,31,31,31,31,100.0
oe:player:31fcee25eb58c4dad5616a879948390,top,Wenbo,LPL,Bilibili Gaming,20,2026-07-23 12:51:10,2026-08-08 12:53:59,20,600.74677,0.20732556,0.18951035,8.308155000000001,0.332105,0.15486,-136.95,63.8,-2.95,0.09155075244811746,0.08271355869986124,0.18743177183948806,0.4358047499271408,217.8838488815473,0.7931121533985096,0.05631230396017885,835.2292137333824,20,20,20,20,20,20,20,20,20,20,20,20,20,100.0
oe:player:323b1ce118ee27efaa0f0e2d163d31e,sup,Manel,CBLOL,RED Canids,28,2026-08-02 17:48:18,2026-09-26 19:53:47,28,157.4138142857143,0.06719776071428571,0.09660199642857144,0.8746428571428572,1.9306571428571428,0.4951928571428571,-90.85714285714286,-135.10714285714286,-4.892857142857143,0.014174101097184994,0.07993401949608449,0.23465674238114856,0.6942985340375876,53.22177629987431,0.19546115732074243,0.05846620642292103,294.93699443750813,28,28,28,28,28,28,28,28,28,28,28,28,28,100.0
oe:player:326f63d01099f1c8b91620cbc893813,bot,Paduck,LEC,Shifters,54,2026-01-17 17:06:08,2026-08-30 13:01:54,54,742.2122018518518,0.2892481851851852,0.268106462962963,9.403709259259259,0.4719481481481481,0.280812962962963,-382.5925925925926,-108.11111111111111,-6.851851851851852,0.10486413489589533,0.10173180610540522,0.12147212177932365,0.5881853837469593,240.35407010074562,0.8750911495960451,0.05457853464421076,1108.1637117409894,54,54,54,54,54,54,54,54,54,54,54,54,54,100.0
oe:player:32aa62568603d99d16591ee5dd52a8a,jng,Pop9,LCP,Deep Cross Gaming,91,2026-01-16 09:25:37,2026-08-13 12:22:32,91,462.0152516483517,0.16174415824175825,0.20341147252747252,7.179794505494506,0.4269285714285714,0.4143054945054945,5.472527472527473,-1.5714285714285714,0.24175824175824176,0.10497000722259126,0.09736431691762895,0.23830542183615785,0.6830413801301993,187.9227692910038,0.8073605291817195,0.0692663314727458,880.0481216723869,91,91,91,91,91,91,91,91,91,91,91,91,91,100.0
oe:player:32ddd24ac02f57871c631c66265d2f6,mid,HongSuo,LCP,Deep Cross Gaming,90,2026-01-16 09:25:37,2026-08-13 12:22:32,90,683.4517555555556,0.24272743333333335,0.21729502222222222,9.04880111111111,0.3539555555555556,0.29634,110.46666666666667,163.23333333333332,1.7777777777777777,0.1157262390655145,0.08669794332683764,0.20860215306237123,0.6456073615506404,210.96724055756187,0.9121037846888347,0.06543953773855106,823.2387150896584,90,90,90,90,90,90,90,90,90,90,90,90,90,100.0
oe:player:3389bea88a7a78d4b5577a86e07c2ee,jng,re0,LPL,Oh My God,21,2026-01-30 09:11:00,2026-05-15 10:06:44,19,357.24150476190476,0.14256953333333333,0.18430285714285713,6.549109523809523,0.4256047619047619,0.28335714285714286,-267.2105263157895,16.210526315789473,-2.0526315789473686,0.036887672601068455,0.11170606142272417,0.18978378854990308,0.7204561381253111,123.17330721423566,0.778774946890796,0.04984110839720656,594.8933218044101,21,21,21,21,21,21,19,19,19,21,21,21,21,90.47619047619048
oe:player:340a76e3aef8e862f5fd79411261b29,bot,Mobility,LCS,Dignitas,2,2026-01-25 23:15:54,2026-01-26 00:04:23,2,522.5840000000001,0.275725,0.3052,8.84975,0.4197,0.28385,-2293.0,-1506.5,-50.0,0.12702391586353906,0.13578241084376688,0.05385996409335727,0.59375,198.60112183389097,0.28107494552165324,0.03968634356746319,514.7737367038065,2,2,2,2,2,2,2,2,2,2,2,2,2,100.0
oe:player:35859191db73609302debbc5c43117c,mid,Fuuu,CBLOL,RED Canids,31,2026-07-26 18:11:19,2026-09-26 19:53:47,31,580.4601225806451,0.24122725806451611,0.20089029032258063,8.507493548387098,0.48438387096774194,0.1935,-98.48387096774194,-47.645161290322584,-2.7419354838709675,0.08260430054365593,0.07717041707698483,0.16433887297333954,0.676353488827273,132.69221554623493,0.8787988631973694,0.05020033958653754,868.9413049210226,31,31,31,31,31,31,31,31,31,31,31,31,31,100.0
oe:player:3648451fd5b8a8ab01e4bedf780c1d6,mid,Zinie,LCS,Shopify Rebellion,59,2026-01-25 21:13:51,2026-09-26 22:35:31,59,588.8947762711864,0.2420323559322034,0.21271766101694917,8.605077966101694,0.4270728813559322,0.2804322033898305,-278.135593220339,-89.20338983050847,-3.5762711864406778,0.0707186542953059,0.10371972499499205,0.14685856066414113,0.6207842720343832,194.88912151199372,0.7973687147516871,0.05735893188207416,832.4711542610935,59,59,59,59,59,59,59,59,59,59,59,59,59,100.0
oe:player:367fecc4cb53a8234abbd9f283b7997,mid,Vladi,LEC,Fnatic,60,2026-01-17 16:08:02,2026-08-30 17:34:38,60,593.3134733333334,0.242321,0.21405111666666665,9.072225,0.48686666666666667,0.2537433333333333,-165.96666666666667,-352.18333333333334,-6.9,0.09462679620128801,0.07611938133543837,0.16543423363677626,0.6905859894058171,147.4009454685186,1.035846908495161,0.058039909213946854,760.4178371169693,60,60,60,60,60,60,60,60,60,60,60,60,60,100.0
oe:player:370f639a8b838f1933c7232d8adae72,top,Naak Nako,LEC,Team Vitality,78,2026-01-17 19:07:52,2026-09-12 18:48:25,77,654.4765141025641,0.22841130769230772,0.21585496153846156,8.797198717948719,0.40111153846153846,0.15480897435897437,463.2207792207792,526.9350649350649,10.480519480519481,0.09473276325086566,0.08197766084781323,0.13569937675030908,0.4891028924802159,203.5957096520657,0.8732361605409255,0.049930749460287645,1003.4746426840647,78,78,78,78,78,78,77,77,77,78,78,78,78,98.71794871794873
oe:player:376d5e3b1257e6972228d458943f74c,top,Evi,LCP,Fukuoka SoftBank HAWKS gaming,60,2026-01-16 09:25:37,2026-08-06 11:21:55,60,629.685215,0.24897249999999999,0.19308693333333332,8.082863333333332,0.441985,0.15157333333333334,6.833333333333333,98.61666666666666,-4.183333333333334,0.058944123437226305,0.09281821275619614,0.13323624298285333,0.521970967364274,183.24966226735296,0.9489602731351298,0.05515450838010497,726.3026209336857,60,60,60,60,60,60,60,60,60,60,60,60,60,100.0
oe:player:37f20525a39d17ec49fd10294f9c994,top,TheShy,LPL,Invictus Gaming,35,2026-07-25 09:20:27,2026-09-12 13:07:02,23,628.7520457142857,0.21146872857142857,0.18875637142857143,8.0137,0.38133428571428574,0.13732285714285716,278.7391304347826,406.39130434782606,4.913043478260869,0.09671016539053713,0.0951856209826831,0.1625191238579006,0.434309962896006,200.81233705581988,1.0284422214889752,0.04793156737124024,843.2512953061936,35,35,35,35,35,35,23,23,23,35,35,35,35,65.71428571428571
oe:player:38e0af7278d6769d0c81d7c4b47ac1e,top,Soboro,"LEC, LPL","Fnatic, Invictus Gaming",65,2026-01-14 09:13:04,2026-08-30 17:34:38,46,604.524443076923,0.23523426153846153,0.196709,8.27526,0.4388861538461538,0.14197692307692308,165.7391304347826,223.2608695652174,5.804347826086956,0.07861711285534,0.10631038715137091,0.11700209552308645,0.4936966229004965,150.22400967774755,0.8481517091962382,0.05739482768589443,879.715747898973,65,65,65,65,65,65,46,46,46,65,65,65,65,70.76923076923077
oe:player:390ca7b6b38d552363eba1b5b54ff18,jng,Razork,LEC,Fnatic,60,2026-01-17 16:08:02,2026-08-30 17:34:38,60,453.51462999999995,0.18444232666666668,0.20113593333333332,7.05109,0.34193833333333334,0.436335,18.9,-116.93333333333334,-2.4,0.07670161828271611,0.10624419642564215,0.20286929507257562,0.7301606009976921,130.12529450209146,0.7324279175963851,0.06704580296793518,715.185473158501,60,60,60,60,60,60,60,60,60,60,60,60,60,100.0
oe:player:397bcf46311de3cf780469b2a842b67,sup,Ycx,LPL,"LGD Gaming, LNG Esports",53,2026-01-15 07:12:06,2026-08-19 09:06:07,43,186.42026981132076,0.07932172264150943,0.10261597358490566,1.1055264150943396,2.0263415094339625,0.46411132075471695,-31.302325581395348,-16.046511627906977,-0.7209302325581395,0.01955271535921275,0.09117526144454233,0.24241016562895898,0.7206263076546096,70.61646771924865,0.2204439167740189,0.06511453152018215,417.6862877740457,53,53,53,53,53,53,43,43,43,53,53,53,53,81.13207547169812
oe:player:397fee5de074b10600707b618fb1f29,sup,SiuLoong,LCP,MVK Esports,56,2026-04-04 11:24:09,2026-08-29 10:44:32,56,211.22107499999998,0.08220780714285714,0.10672504642857142,1.0781392857142857,1.964707142857143,0.42320178571428574,7.178571428571429,193.625,0.375,0.02796634001620076,0.09915297093611086,0.27067234624083375,0.7172033772076601,88.76604412000479,0.19249848422408788,0.06247179597476815,406.22618451672105,56,56,56,56,56,56,56,56,56,56,56,56,55,100.0
oe:player:39d68aa20f0b0b1ddddb871a7b26fbf,mid,Enga,CBLOL,Leviatan,51,2026-01-17 20:16:54,2026-08-30 20:07:25,51,633.8656705882353,0.2571322745098039,0.22349141176470588,8.960466666666667,0.43107843137254903,0.17595686274509806,1.6862745098039216,22.745098039215687,-0.3333333333333333,0.08910574291391032,0.08585599368561216,0.14787504044126543,0.7140022748794217,157.43505607682587,0.8305561461253941,0.05071410576185197,788.9139747829564,51,51,51,51,51,51,51,51,51,51,51,51,51,100.0
oe:player:3ace2e5d36ad46eb2aec2ad1c43d3c5,bot,Rabelo,CBLOL,"LOUD, RED Canids",46,2026-01-17 17:20:13,2026-09-27 19:49:11,46,758.2029195652175,0.27751326086956524,0.2655183043478261,9.515191304347827,0.4073717391304348,0.2912282608695652,-106.34782608695652,-328.6521739130435,-6.826086956521739,0.13957631907495707,0.0761449040306338,0.18270665058630187,0.6549102922139567,243.94445385414335,0.9954985770012904,0.05845478105333144,967.2134595468068,46,46,46,46,46,46,46,46,46,46,46,46,46,100.0
oe:player:3b63ea0de80cfb191f952872b392da9,bot,sajed,LCS,Disguised,47,2026-01-24 23:14:34,2026-09-06 22:34:24,47,641.0085319148936,0.2528568936170213,0.265310085106383,9.390689361702128,0.30724255319148935,0.2356808510638298,-473.78723404255317,-262.0851063829787,-12.319148936170214,0.0827520085229204,0.10287755740276386,0.10984928531281629,0.5698991296552935,243.2571064017534,0.9751152922322759,0.06757038810213917,935.2812628846217,47,47,47,47,47,47,47,47,47,47,47,47,46,100.0
oe:player:3bb028a43aff78070d15c646450aa0d,top,Denathor,LCS,Dignitas,17,2026-07-25 22:03:50,2026-09-05 22:48:43,17,526.4698470588236,0.2342188823529412,0.2040424117647059,7.973041176470588,0.4459470588235294,0.16601764705882352,-257.6470588235294,-228.23529411764707,-6.470588235294118,0.07091844137115054,0.12504192068549033,0.09239400283745154,0.5224135341782401,138.15570961703918,0.7136443241023708,0.04301875639394467,765.7260395513913,17,17,17,17,17,17,17,17,17,17,17,17,17,100.0
oe:player:3c93fcbfb525315f6412904e5b9abbd,mid,Tangyuan,LPL,LGD Gaming,97,2026-01-15 07:12:06,2026-09-08 10:55:45,79,612.8373206185566,0.25465794845360823,0.21757572164948455,8.955408247422682,0.43622474226804125,0.2817051546391752,-7.329113924050633,15.291139240506329,-2.037974683544304,0.12114427896632571,0.06607359466539234,0.16110793251373112,0.6578519567712762,212.81685225002107,0.9410360059607735,0.05054860579316637,791.6098935894448,97,97,97,97,97,97,79,79,79,97,97,97,97,81.44329896907216
oe:player:3ce68cf813bc34243279fd7fe3cecbb,top,sheer,LPL,LNG Esports,53,2026-01-16 09:16:42,2026-08-19 09:06:07,42,609.6025547169811,0.2168270754716981,0.19988215094339623,8.662677358490566,0.5040811320754717,0.13920188679245282,67.19047619047619,-20.238095238095237,2.7142857142857144,0.08672775917867039,0.07111366388721305,0.16050150112596212,0.5360400487224672,205.4437599306556,1.1174284201204516,0.05051762127190868,708.9142931476526,53,53,53,53,53,53,42,42,42,53,53,53,53,79.24528301886792
oe:player:3d44f54d2b0fa13b698040cb51d09db,top,zekas,CBLOL,Vivo Keyd Stars,25,2026-05-23 18:04:34,2026-09-19 17:57:40,25,543.21396,0.22793212000000002,0.19326848,7.825272,0.429052,0.19172,-470.88,-269.92,-14.44,0.06513761036869357,0.10543717888967391,0.1225143739982704,0.5317516161939669,162.96276100267255,0.7703523201107401,0.07027084352962008,638.5930707422373,25,25,25,25,25,25,25,25,25,25,25,25,25,100.0
oe:player:3e722c8ede909c83af9342c41805a16,sup,Busio,LEC,Karmine Corp,104,2026-01-17 20:06:09,2026-09-19 17:16:53,104,225.9645269230769,0.07974352500000001,0.09794662884615385,0.968651923076923,1.9848826923076923,0.4659067307692308,23.048076923076923,42.03846153846154,-1.0096153846153846,0.026942152493281493,0.0764230297117087,0.3197382887661074,0.7190647725732968,83.68016700922908,0.22110712642402366,0.06170147652046149,481.04143453951934,104,104,104,104,104,104,104,104,104,104,104,104,103,100.0
oe:player:3ee0c18b85e7bb8eaad86d58498e27d,jng,Juhan,LPL,Oh My God,13,2026-01-16 09:16:42,2026-04-24 09:13:50,11,320.0833384615384,0.13363654615384615,0.1920516153846154,6.5905000000000005,0.3977692307692307,0.40118461538461536,-795.0,-679.2727272727273,-7.7272727272727275,0.04200243941169858,0.1607551031250574,0.11389650067004725,0.6095293595293595,108.94056671406155,0.8832288199177682,0.08709417969322582,646.9237976763569,13,13,13,13,13,13,11,11,11,13,13,13,13,84.61538461538461
oe:player:3f4027dc08a489bd4d5390913f5dc71,jng,Sponge,LCK,Nongshim RedForce,86,2026-01-15 10:15:24,2026-08-27 10:48:14,86,472.36000465116285,0.1631253976744186,0.19349669767441863,6.4820604651162785,0.39908488372093026,0.3634779069767442,-113.98837209302326,-137.63953488372093,-2.813953488372093,0.09791091583697825,0.12926995068509292,0.26075632658412073,0.7243173497621908,141.93409558287743,0.6997598413706483,0.07212813514072472,751.0567534627625,86,86,86,86,86,86,86,86,86,86,86,86,86,100.0
oe:player:403937c97942cb4634ef8907077ede5,sup,Xiaoxia,LPL,Ultra Prime,25,2026-01-15 07:12:06,2026-05-15 10:06:44,22,196.05882000000003,0.087765088,0.10128218800000001,1.060956,2.1878919999999997,0.38345999999999997,-78.18181818181819,-132.54545454545453,0.9090909090909091,0.02133890277163074,0.10953590516956518,0.25645814244445275,0.8082393846936181,71.25639813344833,0.2244704881864578,0.05436327825323728,354.49409107354757,25,25,25,25,25,25,22,22,22,25,25,25,25,88.0
oe:player:404079b4e478ea2a8b57904c640311b,jng,Sheo,LEC,"Shifters, Team Heretics",56,2026-01-17 18:08:00,2026-08-30 13:01:54,56,462.1155428571428,0.18322127142857145,0.20475760714285715,6.8943803571428575,0.30615535714285713,0.37699642857142857,-9.089285714285714,10.053571428571429,-1.6785714285714286,0.0751927954646521,0.10730371897301612,0.1681872151842229,0.719191127317852,175.03021530618065,0.7878614779999297,0.06936548019043816,608.1128865533174,56,56,56,56,56,56,56,56,56,56,56,56,56,100.0
oe:player:4047b7fecd736a6924aa13b05f42897,bot,Taeyoon,LCK,"BNK FEARX, Nongshim RedForce",100,2026-01-15 10:15:24,2026-09-03 11:59:51,100,771.997334,0.274047,0.27533262999999997,10.008314,0.5068050000000001,0.453765,-22.01,27.89,5.06,0.1439493488215604,0.10480373340389257,0.17793147277241986,0.6667196812687121,239.25976678606807,0.7944032749406085,0.07303238893055093,1231.549385444156,100,100,100,100,100,100,100,100,100,100,100,100,100,100.0
oe:player:40704dfd2d966862568d29770de57bd,sup,Isles,LCS,LYON,74,2026-01-25 23:15:54,2026-09-26 22:35:31,74,184.1058864864865,0.07161098108108108,0.0998208108108108,0.9575243243243242,2.0734054054054054,0.4183986486486487,60.027027027027025,48.689189189189186,-2.6216216216216215,0.01631045287425702,0.055116217511105216,0.3272684881090939,0.7299476474148622,73.97018089065521,0.18351112825859547,0.04248727116858483,384.8051623330483,74,74,74,74,74,74,74,74,74,74,74,74,73,100.0
oe:player:407b2b8fcb2fd977fc766d5df3f4dff,top,Hery,LPL,Oh My God,34,2026-01-16 09:16:42,2026-05-15 10:06:44,30,592.2278852941176,0.24161976470588234,0.20293085294117646,8.594585294117646,0.5064470588235295,0.1497970588235294,-171.8,-257.73333333333335,-4.433333333333334,0.04676346188988663,0.09239263682926036,0.09823816835372833,0.4321429559432655,197.13536612451392,0.745418293037785,0.04469989405029227,842.524793454891,34,34,34,34,34,34,30,30,30,34,34,34,34,88.23529411764706
oe:player:41672e17bc1f86dc5d93955c031d2a9,sup,Stend,LEC,"Shifters, Team Heretics",37,2026-01-17 18:08:00,2026-08-30 13:01:54,37,153.96877837837837,0.06201615405405406,0.10047399459459459,1.1275810810810811,1.973397297297297,0.5435513513513514,5.972972972972973,59.4054054054054,2.810810810810811,0.017602781751854195,0.12253334462054685,0.24787744702155895,0.7540308793488899,59.434706147339796,0.1980307451408014,0.05707960512967795,364.8294492321406,37,37,37,37,37,37,37,37,37,37,37,37,37,100.0
oe:player:41ad87cfc159526f62529db61162a2a,sup,Vampire,LPL,JD Gaming,139,2026-01-14 12:37:55,2026-09-05 13:20:43,110,216.02095395683452,0.0805622618705036,0.10394003956834531,1.1095057553956835,2.1044151079136695,0.5350568345323741,92.8,32.445454545454545,-0.7909090909090909,0.01812221112673063,0.0873090573424015,0.31680126970511446,0.7437947902304773,90.58352979716696,0.23315573751818733,0.05711732878223447,399.94331708472623,139,139,139,139,139,139,110,110,110,139,139,139,139,79.13669064748201
oe:player:41deab55354f57a94135989133f9968,jng,Kanavi,LCK,Hanwha Life Esports,99,2026-01-16 10:08:16,2026-09-13 08:19:05,99,516.8739595959596,0.1813601808080808,0.2045779797979798,7.177157575757575,0.33356868686868685,0.4588484848484849,152.7171717171717,136.95959595959596,2.01010101010101,0.11436244857192693,0.12536422854585247,0.26192596793586514,0.7215889715334832,177.41051543343056,0.7334490537919787,0.06867021849163626,839.8932031284137,99,99,99,99,99,99,99,99,99,99,99,99,99,100.0
oe:player:4203fc46c4c6333e9bfa9d0a8618677,jng,Yike,LEC,Karmine Corp,104,2026-01-17 20:06:09,2026-09-19 17:16:53,104,484.61842884615385,0.17036183173076921,0.20613937499999999,7.305789423076923,0.3349144230769231,0.3774740384615385,105.5576923076923,171.65384615384616,3.2596153846153846,0.12564651749085695,0.08069428016690115,0.20641526818957706,0.7020136288913326,160.15014894739002,1.0008657973254829,0.05930454180491267,935.4783816125982,104,104,104,104,104,104,104,104,104,104,104,104,103,100.0
oe:player:44744b6de7f1fa0b93d0e9b7ea328fc,sup,ProDelta,CBLOL,Fluxo W7M,9,2026-01-17 17:20:13,2026-02-03 00:37:28,9,195.17551111111112,0.07561361111111112,0.09618330000000001,1.0601222222222222,1.9666888888888887,0.5267222222222222,-174.44444444444446,-165.11111111111111,-4.777777777777778,0.013479760019311058,0.14756541861073125,0.2409722218290711,0.738864522417154,84.40331540751886,0.23680800650409703,0.07135592343026573,297.2322791652646,9,9,9,9,9,9,9,9,9,9,9,9,9,100.0
oe:player:4491b20edc9ceb1d782095e341051d9,mid,LIDER,LEC,SK Gaming,32,2026-01-17 19:07:52,2026-05-02 18:34:28,32,640.1184625,0.2297948125,0.22809478125,9.3220875,0.354040625,0.19614375,40.9375,43.5,-0.65625,0.08755210710480392,0.11243265356530557,0.14384656493683834,0.5969837507460862,165.76803745940805,0.7148219172542883,0.0545795935098458,961.6451272722446,32,32,32,32,32,32,32,32,32,32,32,32,32,100.0
oe:player:44b1e81bfc6d5bb1a0da7fe5daaa4c0,jng,Samkz,CBLOL,paiN Gaming,4,2026-03-29 16:15:54,2026-04-04 18:43:58,4,385.666375,0.1588688,0.18774475,6.2776,0.32775,0.29059999999999997,-737.0,-634.75,-12.25,0.0364741641337386,0.16483364951640467,0.1536926854108655,0.8809523809523809,186.70402135839453,0.4372667454388301,0.04355966962940468,739.7733887256736,4,4,4,4,4,4,4,4,4,4,4,4,4,100.0
oe:player:456d479c879155333c0624219803ec4,mid,Nemesis,LEC,Los Ratones,11,2026-01-17 16:08:02,2026-02-08 15:53:10,11,690.846809090909,0.2779640909090909,0.22249718181818182,9.416772727272727,0.35974545454545453,0.2043636363636364,-260.1818181818182,9.727272727272727,-4.818181818181818,0.06608381519039519,0.06503188513699705,0.15327493777709297,0.6967532467532468,218.10018260128277,0.987083090819521,0.022741638670352723,514.9442335208382,11,11,11,11,11,11,11,11,11,11,11,11,11,100.0
oe:player:460ae5a7af8d68f7831b70307210ab3,bot,Berserker,LCS,LYON,74,2026-01-25 23:15:54,2026-09-26 22:35:31,74,794.1674810810812,0.30068884324324324,0.28031847297297297,10.258002702702703,0.4158986486486486,0.29860135135135135,532.7162162162163,251.63513513513513,9.22972972972973,0.14891088619288578,0.04844974037389751,0.16306503206832185,0.6724515754327562,248.68597508987258,0.8920842607129504,0.04220117709495057,851.9909080528179,74,74,74,74,74,74,74,74,74,74,74,74,73,100.0
oe:player:4830e7becfcf3539978e3a69cc1c27c,mid,Seany,LCP,MVK Esports,17,2026-01-17 09:10:21,2026-06-05 10:56:08,17,653.8727117647059,0.2611480588235294,0.20520135294117647,8.664741176470589,0.42326470588235293,0.18652941176470586,181.11764705882354,149.0,-2.8823529411764706,0.09310266586631961,0.0796534466598249,0.15503086899644325,0.6750542909177988,202.4209259882081,0.7040254461477435,0.04080561104200722,637.9764770695841,17,17,17,17,17,17,17,17,17,17,17,17,17,100.0
oe:player:494fc60dffbb5da1caa2226baef0ec7,bot,Bvoy,LCS,Shopify Rebellion,59,2026-01-25 21:13:51,2026-09-26 22:35:31,59,732.0308271186441,0.2950233220338983,0.26581767796610173,9.538686440677967,0.45944745762711864,0.3142491525423729,-184.88135593220338,-206.01694915254237,-5.186440677966102,0.09954821878326964,0.0887987485172562,0.11477897218042832,0.6129063986090731,271.9049099403971,0.8023948074697109,0.059275736147797346,914.1913344731047,59,59,59,59,59,59,59,59,59,59,59,59,59,100.0
oe:player:498246d6c44175256a07ed5f322c817,mid,Karis,LPL,Team WE,128,2026-01-16 11:10:15,2026-09-06 08:54:18,115,608.2586968749999,0.235145921875,0.2186581796875,8.786015625,0.40322109375,0.24919296875,-315.69565217391306,-291.6695652173913,-6.043478260869565,0.11686547467870063,0.10248681430435183,0.15687218974467132,0.6330818943536702,181.28758953829853,0.9669885187242351,0.06399684962955238,844.3456115969551,128,128,128,128,128,128,115,115,115,128,128,128,128,89.84375
oe:player:4d08cbf857994dc42e1b09205158e15,jng,Painter,LCK,T1,3,2026-08-08 08:08:11,2026-08-08 09:56:45,3,438.6639666666667,0.14254433333333333,0.185362,6.862266666666667,0.4948333333333333,0.36733333333333335,-111.33333333333333,-312.3333333333333,-1.6666666666666667,0.06621288552560876,0.08627330366460802,0.2165092491487368,0.6554206027890238,189.36644564571975,0.530773938069055,0.1247697995647838,1107.0683507956198,3,3,3,3,3,3,3,3,3,3,3,3,3,100.0
oe:player:4d0ec5fa505ee341aff8b2309356afc,top,Srtty,LCS,Disguised,19,2026-05-09 22:00:36,2026-09-06 22:34:24,19,641.7516052631579,0.2546151052631579,0.21774763157894736,8.438726315789474,0.36970526315789476,0.13662105263157895,165.31578947368422,-217.05263157894737,10.421052631578947,0.07336706571995506,0.10933046588322382,0.09169608185394276,0.48135776260776253,248.91653841083513,1.0292678988496333,0.06295978936687141,870.3218467665075,19,19,19,19,19,19,19,19,19,19,19,19,18,100.0
oe:player:4dabc9746a3cae241a063d7a1e4d204,sup,Momochi,CBLOL,Fluxo W7M,46,2026-03-29 17:59:21,2026-08-29 19:36:38,46,172.20508695652174,0.07098581304347826,0.09943379565217392,1.037545652173913,2.095508695652174,0.4133630434782609,-193.17391304347825,-279.2826086956522,-2.0,0.01687011730338758,0.08591358948039396,0.24542988425689916,0.7311508060091682,65.8105333107014,0.21492479791418695,0.0617193102660308,380.5849476995365,46,46,46,46,46,46,46,46,46,46,46,46,46,100.0
oe:player:4e0619e57cb50c4ab1230c2dd72df1b,bot,Tactical,LCS,Cloud9,28,2026-07-26 20:24:27,2026-09-27 22:30:06,28,728.6650321428572,0.2741405357142857,0.2664796428571429,10.116349999999999,0.4979321428571429,0.28027142857142856,214.92857142857142,-47.892857142857146,0.8214285714285714,0.10339570040115213,0.0657078557411646,0.16991272261245077,0.5729135181860745,286.9494851089997,0.5881283064220042,0.04333204063237824,1026.7055161686906,28,28,28,28,28,28,28,28,28,28,28,28,28,100.0
oe:player:4e0ee55680fa265c49e158f85e26650,mid,Poby,LEC,Natus Vincere,75,2026-01-17 18:08:00,2026-09-18 18:12:05,75,603.4516906666667,0.24020085333333333,0.21217073333333333,9.386574666666666,0.467444,0.18866533333333335,-77.73333333333333,71.62666666666667,1.28,0.092983877626036,0.07412237804730254,0.16990408158143164,0.6313254290845084,179.29657982959947,0.7829781566614794,0.050436949409034974,689.7284881657328,75,75,75,75,75,75,75,75,75,75,75,75,75,100.0
oe:player:4f27911a3702f671c3d21286356a6df,sup,Cryogen,LCS,FlyQuest,70,2026-01-25 21:13:51,2026-09-25 23:27:30,70,235.11136714285712,0.08943076999999999,0.10645625142857143,1.13644,1.8722971428571429,0.5018699999999999,70.57142857142857,41.857142857142854,0.8857142857142857,0.025061174050999512,0.09796143934527447,0.29711945728548345,0.7868480320074988,94.47185992852116,0.24319835013265684,0.06385207534702947,389.12579730514443,70,70,70,70,70,70,70,70,70,70,70,70,70,100.0
oe:player:5000a68e43f946c726a17e1008e230a,sup,Feather,LPL,ThunderTalk Gaming,80,2026-01-19 07:13:41,2026-08-28 10:50:54,66,179.68817625,0.07145118375000001,0.09713722125,1.095725,1.9444387500000002,0.40907375,-121.98484848484848,184.57575757575756,0.9848484848484849,0.019353732014575672,0.11866981760546111,0.2925789267717437,0.7124492218308686,75.81960594239835,0.22160157570385267,0.06972573153675644,537.3378393646343,80,80,80,80,80,80,66,66,66,80,80,80,80,82.5
oe:player:51e528aaaafe5451e0a14c0da847dc4,sup,Bluffing,LCK,Hanwha Life Esports,6,2026-05-21 08:06:57,2026-08-15 09:54:58,6,252.57788333333335,0.08599185,0.10648903333333333,0.9153833333333333,1.8713166666666667,0.39596666666666663,-55.666666666666664,-209.83333333333334,-4.666666666666667,0.03424115708380915,0.08890900136051653,0.3874835358589866,0.8244779621250209,88.45377249332935,0.13190668545099093,0.07349953414488818,418.0974368094914,6,6,6,6,6,6,6,6,6,6,6,6,6,100.0
oe:player:52b4f060a577ff87c99118d97fa75f4,jng,Josedeodo,LCS,Team Liquid,73,2026-01-24 21:24:34,2026-09-27 22:30:06,73,456.3608150684932,0.17167684794520546,0.20711038356164382,7.18321095890411,0.39603013698630135,0.35876164383561643,165.34246575342465,46.863013698630134,1.3150684931506849,0.1093601111474033,0.06307863533453596,0.23283932572481983,0.7578400527397701,169.5826411554389,0.6539022426431874,0.05201732336821778,714.0185225417646,73,73,73,73,73,73,73,73,73,73,73,73,73,100.0
oe:player:53841c6e42a6ce77b6f3b80133c9342,jng,Peach,CBLOL,Fluxo W7M,55,2026-01-17 17:20:13,2026-08-29 19:36:38,55,431.67618727272725,0.17621074545454546,0.21546754545454544,7.571025454545455,0.3475581818181818,0.41062909090909094,-32.96363636363636,228.4181818181818,5.7272727272727275,0.07672381601595958,0.13011153994207492,0.17791021651093386,0.6926522616058342,145.9376136555212,0.9430901508728635,0.06910678353052481,846.6219796526525,55,55,55,55,55,55,55,55,55,55,55,55,55,100.0
oe:player:5385f74da3e5deb5b66d9a1ee56cf97,top,Dhokla,LCS,LYON,71,2026-01-25 23:15:54,2026-09-26 22:35:31,71,602.2114464788732,0.229033638028169,0.18835660563380283,8.093066197183099,0.40562676056338026,0.19910985915492957,-68.61971830985915,-29.056338028169016,-4.352112676056338,0.07784502268868866,0.07167512717383105,0.1787438759216023,0.5697911333928631,207.4867017721506,0.7491481730116953,0.04408986341393877,882.280751659295,71,71,71,71,71,71,71,71,71,71,71,71,70,100.0
oe:player:542b1268b090a5fc82442efbd8d8165,mid,Angel,LPL,EDward Gaming,31,2026-01-16 11:10:15,2026-05-16 11:01:15,25,689.2190838709678,0.2587649032258065,0.22142809677419353,9.43554193548387,0.4916225806451613,0.27611935483870964,74.76,-77.8,-2.08,0.10277259878582741,0.06135176568628364,0.16815209739982126,0.6848254315242882,218.29440931360887,0.8875084550861829,0.04599949361556512,572.1986310131591,31,31,31,31,31,31,25,25,25,31,31,31,31,80.64516129032258
oe:player:5450c7731de19c131ce20ea74933cc2,jng,ISMA,LEC,GiantX,83,2026-01-17 17:06:08,2026-09-11 18:51:32,83,423.3006686746987,0.16549439277108433,0.19727569879518073,7.058631325301205,0.277189156626506,0.38577710843373497,-98.96385542168674,-38.19277108433735,-0.30120481927710846,0.0748514671135261,0.08268198558453187,0.1961312110879018,0.7280959484125616,171.82104754579785,0.5145285616115746,0.04868546451000736,705.2293251961817,83,83,83,83,83,83,83,83,83,83,83,83,82,100.0
oe:player:5522f05516e62197107dd9166442187,sup,TheHank,LPL,Weibo Gaming,13,2026-05-07 09:12:07,2026-05-24 14:58:11,13,223.36156923076925,0.08778084615384615,0.10522605384615386,1.1583615384615384,1.7878692307692308,0.5327230769230769,-218.6153846153846,72.84615384615384,3.0,0.008529725904377053,0.10635125158510261,0.24484933601540743,0.72837845914769,60.174402430274625,0.2616671057484475,0.031398624772539706,381.9407760507595,13,13,13,13,13,13,13,13,13,13,13,13,13,100.0
oe:player:55276c10d84e1df7713b441e76e141f,top,Rest,LCP,CTBC Flying Oyster,79,2026-01-17 06:17:02,2026-08-30 10:26:53,79,602.2587265822785,0.2181858481012658,0.19163430379746835,8.032246835443038,0.4345493670886076,0.11910632911392405,-36.70886075949367,203.86075949367088,-4.7974683544303796,0.07965218829798783,0.08758167730093279,0.18349365613006988,0.4979604562666769,186.38516969483993,0.9477849762682762,0.05646222066072153,813.2708123074685,79,79,79,79,79,79,79,79,79,79,79,79,78,100.0
oe:player:555e3934816743f30cdda4c7cc0dfe3,top,Momo,LCP,DetonatioN FocusMe,44,2026-01-23 06:47:18,2026-08-15 11:12:07,44,481.2652954545454,0.19952886363636366,0.18962354545454546,7.908845454545454,0.4252204545454546,0.1278159090909091,-844.8636363636364,-604.0454545454545,-20.522727272727273,0.041921540066329394,0.12960454810590186,0.07982410169019218,0.42969743241872427,150.33996635522354,0.8791671422046815,0.06417363430457887,838.8730699480965,44,44,44,44,44,44,44,44,44,44,44,44,44,100.0
oe:player:55dd587cdc4a278be6a5c37f9e539de,mid,Caps,LEC,G2 Esports,89,2026-01-17 21:08:03,2026-09-20 17:13:10,89,667.6469786516853,0.24627653146067413,0.21768271910112358,9.131495505617977,0.36671348314606744,0.2744112359550562,366.2022471910112,461.2808988764045,9.584269662921349,0.12778380604300427,0.06430770690491533,0.19388806169965253,0.6400419136522727,219.46639292440153,0.9266684178121538,0.05297128433739646,810.9820951360496,89,89,89,89,89,89,89,89,89,89,89,89,89,100.0
oe:player:566586ef99b39b57e9c85c59f021da5,top,Burdol,LPL,LGD Gaming,80,2026-04-12 09:13:07,2026-09-08 10:55:45,67,590.8462525,0.2422854625,0.2080931375,8.4771925,0.41224375,0.22036875,109.64179104477611,325.43283582089555,0.23880597014925373,0.07870531756915462,0.07884926950016852,0.1398780196348383,0.5200421157051844,196.7318790783132,0.9016206131570089,0.04883296676513767,810.9715030955816,80,80,80,80,80,80,67,67,67,80,80,80,80,83.75
oe:player:56cf99d5b59755569fa366c07c18f38,bot,Shunn,LCP,Ground Zero Gaming,48,2026-01-16 06:23:26,2026-05-16 10:58:46,48,720.3857541666666,0.26267768750000003,0.2755491666666667,9.727370833333334,0.4902708333333334,0.3491354166666667,-398.3333333333333,-43.0,-3.625,0.10741470976392421,0.09845117008632083,0.1563286010868458,0.6512061384790274,230.338200528444,0.7963825435850224,0.06620951152789901,1072.658981587411,48,48,48,48,48,48,48,48,48,48,48,48,48,100.0
oe:player:57ac9f77eae511aeee1e854434f73f2,bot,HOYA,LPL,Ninjas in Pyjamas,1,2026-08-13 08:13:48,2026-08-13 08:13:48,0,468.2871,0.188506,0.228716,9.2333,0.6199,0.1631,,,,0.032626427406199025,0.09787928221859707,0.032626427406199025,0.3333333333333333,,,,,1,1,1,1,1,1,0,0,0,1,1,1,1,0.0
oe:player:57ac9f77eae511aeee1e854434f73f2,top,HOYA,LPL,Ninjas in Pyjamas,92,2026-01-19 12:21:37,2026-09-06 13:43:30,72,623.0054532608696,0.23677384782608699,0.1984077391304348,8.076698913043478,0.5216445652173913,0.18894891304347824,97.375,54.486111111111114,-1.9861111111111112,0.0894374970771817,0.07780111127592411,0.17392181645667895,0.5556255240692954,165.08390840988466,1.108924250278597,0.05292071845395349,823.8269071153989,92,92,92,92,92,92,72,72,72,92,92,92,92,78.26086956521739
oe:player:57acacc1f182893280e7400073a3dd1,top,Doran,LCK,T1,109,2026-01-16 10:08:16,2026-09-12 08:21:21,109,645.4958376146789,0.22318639174311927,0.20135816513761468,8.711139449541283,0.42210275229357797,0.1830834862385321,-102.44036697247707,-128.88990825688074,-1.5412844036697249,0.089370482900273,0.09237932140674801,0.17013203581476494,0.5180765637988717,235.59763313603202,0.8487169666313042,0.05478939454328099,843.9997743460366,109,109,109,109,109,109,109,109,109,109,109,109,108,100.0
oe:player:57da8dfcfbdb4e5b019fe93003db1c4,jng,Weiwei,LPL,LNG Esports,14,2026-07-26 07:12:20,2026-08-19 09:06:07,9,400.16405,0.16521422142857142,0.20077521428571427,6.658142857142857,0.4165142857142857,0.38966428571428574,-222.88888888888889,22.333333333333332,4.0,0.0743800229232043,0.11471265167630931,0.191087265954717,0.7677132391418106,180.94507452776404,0.6110870663312735,0.04661499291093432,489.93760940665817,14,14,14,14,14,14,9,9,9,14,14,14,14,64.28571428571429
oe:player:5836a085b5ebaa7662fbba55341703c,bot,Enosh,LCK,DN SOOPers,4,2026-05-13 10:12:11,2026-05-15 11:12:17,4,611.51985,0.2645945,0.24969575,9.101475,0.3711,0.342125,-1572.0,-975.75,-26.25,0.04784804176636423,0.1324987097831273,0.06626885371843752,0.6375,127.08687230794798,0.8577983654876791,0.07662520645469909,904.0047934976157,4,4,4,4,4,4,4,4,4,4,4,4,4,100.0
oe:player:58771d428ade54dd5983bbe70ce0383,jng,Xiaohao,LPL,"EDward Gaming, Weibo Gaming",66,2026-01-16 11:10:15,2026-08-19 09:06:07,54,393.4757515151515,0.1525159909090909,0.20441860606060608,7.013928787878788,0.4066242424242424,0.3879424242424242,39.129629629629626,-80.0,-1.9444444444444444,0.09078569478391434,0.0797309428481825,0.19667858385389522,0.7485507930740986,138.12529239378534,0.778903773807019,0.05238728510625099,663.6453942386701,66,66,66,66,66,66,54,54,54,66,66,66,66,81.81818181818183
oe:player:5a63f3e7e2b4282f07785cdc895d624,sup,Shiku,CBLOL,Leviatan,14,2026-07-26 16:09:53,2026-08-30 20:07:25,14,133.4168,0.06360766428571428,0.09731650714285714,0.9276,1.9907,0.3661785714285714,-106.71428571428571,-233.57142857142858,-1.8571428571428572,0.016431967721314132,0.1275188564212249,0.16088207517965553,0.6777841439606146,54.46063280822496,0.255338195039743,0.08056723727376378,392.779724639539,14,14,14,14,14,14,14,14,14,14,14,14,14,100.0
oe:player:5b86bafc34d79c84a8847d29b64ca29,mid,Mireu,CBLOL,Vivo Keyd Stars,59,2026-01-17 16:19:20,2026-09-19 17:57:40,59,686.3834322033898,0.2600929322033898,0.2241449152542373,9.07592372881356,0.31386440677966104,0.24688983050847457,13.067796610169491,31.06779661016949,2.23728813559322,0.09365176478664855,0.10338266920134102,0.1680387538173438,0.6854334471541964,261.0414151077805,0.8877411845839682,0.057880333411853196,708.7374365341944,59,59,59,59,59,59,59,59,59,59,59,59,59,100.0
oe:player:5bbc2b92348d930ebd500cb9ce71bb7,bot,Peyz,LCK,T1,109,2026-01-16 10:08:16,2026-09-12 08:21:21,109,836.0398871559632,0.29142439449541285,0.28385964220183485,10.46245504587156,0.4216119266055046,0.3713550458715596,507.2110091743119,80.96330275229357,5.18348623853211,0.16632228438564073,0.0778820951741408,0.1850042062427097,0.6767214381371534,274.2171440214978,0.8828102343679863,0.05381901200179119,932.9884092149953,109,109,109,109,109,109,109,109,109,109,109,109,108,100.0
oe:player:5bc99370722c5ecbfa9b3c1e17338e6,bot,Trigger,CBLOL,paiN Gaming,25,2026-01-31 17:59:58,2026-05-02 16:56:25,25,812.6083439999999,0.2991792,0.2828186,9.974684,0.394436,0.407532,-209.48,-77.76,-1.2,0.11658410998401444,0.1017407789194535,0.11535661873435195,0.5833107537341458,242.7780704218328,0.9047396516309725,0.07026292386703258,946.5810019926099,25,25,25,25,25,25,25,25,25,25,25,25,25,100.0
oe:player:5c10d4fc029a04de654a59d8078b913,jng,sarolu,CBLOL,Vivo Keyd Stars,11,2026-04-26 18:57:12,2026-05-23 18:04:34,11,532.4011909090909,0.17834045454545455,0.194184,6.3297181818181825,0.37536363636363634,0.4403090909090909,-220.36363636363637,-243.27272727272728,-4.2727272727272725,0.08637175509365859,0.1088888842916809,0.15591255513882363,0.7304684857626035,226.1698977473371,0.7877527376254324,0.04128060198862572,1166.7471253641272,11,11,11,11,11,11,11,11,11,11,11,11,11,100.0
oe:player:5c168b7c27f077ce0492be203ffb625,mid,Saber,LPL,Ultra Prime,2,2026-04-15 09:12:33,2026-04-15 10:10:14,2,492.27790000000005,0.2322195,0.250652,9.229800000000001,0.39775000000000005,0.08195,325.0,-152.0,-3.5,0.06135931320448315,0.11411429561948902,0.08193786179243777,0.5277777777777778,88.28977696302108,0.07127636354360556,0.037569513111747097,724.0773439350247,2,2,2,2,2,2,2,2,2,2,2,2,2,100.0
oe:player:5c6f901a83ec448d51703aebba0ca64,jng,Croco,LPL,LNG Esports,39,2026-01-16 09:16:42,2026-05-23 09:45:05,33,505.362841025641,0.16946986153846152,0.2103674871794872,7.443415384615385,0.39414358974358976,0.4211974358974359,263.42424242424244,343.72727272727275,4.9393939393939394,0.12087501562231459,0.07412068290457247,0.2481232291129856,0.7575455439896749,160.61613954965773,0.7575006970774842,0.05627867863792656,684.6757914472655,39,39,39,39,39,39,33,33,33,39,39,39,39,84.61538461538461
oe:player:5d7f415cbf04b549c235a8a3d83a763,sup,ShiauC,LCP,Deep Cross Gaming,91,2026-01-16 09:25:37,2026-08-13 12:22:32,91,214.47106153846156,0.0768294010989011,0.10986494835164835,1.2368747252747252,2.1671681318681317,0.5926626373626374,27.934065934065934,-13.087912087912088,1.054945054945055,0.025943073737437303,0.124988636600631,0.3355803557111106,0.7096551424257168,77.53640803489641,0.2505693271081353,0.07549508625573007,503.2600123681992,91,91,91,91,91,91,91,91,91,91,91,91,91,100.0
oe:player:5e07433d52dbc7bbc4faaf9492dbd2c,jng,CarioK,CBLOL,paiN Gaming,54,2026-01-17 16:19:20,2026-09-20 18:46:20,54,414.76294814814815,0.1582437185185185,0.19983424074074072,6.861285185185186,0.40294814814814817,0.3338407407407407,2.888888888888889,-70.88888888888889,-3.0925925925925926,0.08474949412020119,0.10689281280259903,0.20152417561178654,0.7503543808176354,160.9969085939403,0.8490837075447211,0.06751422591806204,868.8989273281155,54,54,54,54,54,54,54,54,54,54,54,54,54,100.0
oe:player:5ee2cd6074f5a5f37edebee2f481c6b,jng,Drakehero,CBLOL,LØS,29,2026-01-17 19:25:07,2026-04-25 17:06:51,29,371.12889310344826,0.13760391034482758,0.19401931034482758,7.147013793103448,0.33486206896551723,0.47766896551724136,7.827586206896552,144.44827586206895,2.206896551724138,0.07489232728743277,0.08016461873393804,0.21375783935456097,0.6944626771782466,120.29537738249884,0.7991953581679772,0.05632760671512221,643.2353528933423,29,29,29,29,29,29,29,29,29,29,29,29,29,100.0
oe:player:5ee64eb3feb02e60832a2265db54f71,mid,FIESTA,LEC,Team Vitality,30,2026-07-24 18:04:53,2026-09-12 18:48:25,30,747.5325033333334,0.2702019666666667,0.21180293333333333,8.447783333333334,0.39332,0.23976666666666666,126.66666666666667,-39.266666666666666,0.5,0.13907503966583826,0.11030960519389982,0.1583690030490492,0.600943825279955,233.49772997795415,0.8149611127102235,0.05695899067292763,960.8421713064637,30,30,30,30,30,30,30,30,30,30,30,30,30,100.0
oe:player:5ef70ecd799a70ebbda239cd9a9f1e7,sup,Andil,LCK,Kiwoom DRX,95,2026-01-15 08:05:23,2026-08-22 11:31:02,95,225.1944557894737,0.08237586105263157,0.09995315684210526,0.9504052631578948,1.7124263157894737,0.39158526315789477,-186.6,-104.0,-1.6736842105263159,0.020467991968641408,0.1329716129621217,0.30743766527818783,0.7304272497460219,87.7816837105224,0.21266538263667764,0.0806391470393851,393.8338671237111,95,95,95,95,95,95,95,95,95,95,95,95,95,100.0
oe:player:5f8ff49cd56eae61d635966b183a451,mid,ShowMaker,LCK,Dplus Kia,120,2026-01-14 11:22:18,2026-09-06 11:11:44,120,664.5694583333334,0.24465169166666667,0.21524166666666666,9.185070833333333,0.44729416666666666,0.2185291666666667,161.825,50.833333333333336,0.23333333333333334,0.11424242781045098,0.07578563496022597,0.16087914086409175,0.6289613752926332,229.09676517267533,1.06869246626964,0.05726070447624872,902.83585582487,120,120,120,120,120,120,120,120,120,120,120,120,120,100.0
oe:player:605821ebcf6a2e53f03ec6e8e463d1b,sup,Duro,LCK,Gen.G,100,2026-01-15 08:05:23,2026-09-13 08:19:05,100,231.323967,0.078444457,0.10140943699999999,0.906407,2.047685,0.484458,38.97,-164.22,-6.53,0.027199869915059606,0.07048794094384296,0.38730276449424095,0.7710396367890374,102.8054355455091,0.19461389657057854,0.05223347537774473,438.9584885230772,100,100,100,100,100,100,100,100,100,100,100,100,100,100.0
oe:player:6059545b206c4b230b97fd3651b473a,sup,Crisp,LPL,LGD Gaming,52,2026-07-22 09:13:58,2026-09-08 10:55:45,41,150.49337307692306,0.06442913461538462,0.10425398653846153,1.1773442307692308,2.0980326923076924,0.48691730769230773,-113.6829268292683,-125.1219512195122,3.4146341463414633,0.01757397493128561,0.09073423541956303,0.3294251031545061,0.7396362911201394,50.28855857979016,0.24341166567293196,0.06294701741111468,442.43985122411783,52,52,52,52,52,52,41,41,41,52,52,52,52,78.84615384615384
oe:player:60b1614a632775c97a37a57bda799f2,jng,GIDEON,LCK,HANJIN BRION,93,2026-01-14 11:22:18,2026-08-28 11:40:15,93,403.4419806451613,0.15321575913978494,0.20632880645161292,7.123682795698925,0.3463258064516129,0.37814516129032255,51.53763440860215,-9.268817204301076,-0.5268817204301075,0.09923274309644842,0.08811496490630465,0.19694333765191982,0.7261600124877168,182.18546162470366,0.8148554765995457,0.055285611146001244,763.4629850533142,93,93,93,93,93,93,93,93,93,93,93,93,92,100.0
oe:player:60d1428b9206634f3feb66e4b8ebd59,bot,Shogun,LCP,MVK Esports,19,2026-01-17 08:21:31,2026-02-08 10:25:21,19,801.2621789473684,0.3140058947368421,0.2789265789473684,10.477773684210526,0.4971052631578948,0.3491789473684211,-72.6842105263158,-35.526315789473685,2.789473684210526,0.10748859982593698,0.07195799316404157,0.12924032083126255,0.7030421473227404,250.76448050463515,0.9283767415596996,0.06939028826815408,1213.4344304325077,19,19,19,19,19,19,19,19,19,19,19,19,19,100.0
oe:player:613a571a4b0b674547093130f2e4093,mid,SlowQ,LEC,SK Gaming,20,2026-08-01 15:08:25,2026-08-29 16:05:12,20,587.432605,0.2206748,0.20678725,8.928725,0.525605,0.165035,-175.15,-111.25,-3.2,0.09111556975544555,0.10307087832637066,0.18383170217539163,0.6306104244090515,204.67623157715644,0.8664355874713608,0.0493950651442465,623.5898006491801,20,20,20,20,20,20,20,20,20,20,20,20,20,100.0
oe:player:618a87d272773f68239d8ce5555f39d,top,Kingen,LCK,Nongshim RedForce,86,2026-01-15 10:15:24,2026-08-27 10:48:14,86,681.8051953488372,0.2334446034883721,0.20193297674418606,8.540093023255814,0.3803302325581395,0.19622441860465115,-158.69767441860466,-63.94186046511628,-3.5813953488372094,0.08723679532623795,0.10190151477684037,0.15755437148997856,0.5002021197099039,213.98180468171253,0.8695742675437684,0.05440389223684628,780.7822181823957,86,86,86,86,86,86,86,86,86,86,86,86,86,100.0
oe:player:61ea9de879a9b27bb8eddcba7f32f4a,top,fNb,CBLOL,RED Canids,20,2026-01-17 17:20:13,2026-03-01 18:04:57,20,631.36862,0.21642670000000003,0.2118417,8.920105000000001,0.44415000000000004,0.17038999999999999,-33.8,-22.9,-3.2,0.08385522065438493,0.05955482298491434,0.171046966568903,0.48753315490713395,193.2041407830032,0.8479037082090967,0.044996911058234494,962.9556255830822,20,20,20,20,20,20,20,20,20,20,20,20,20,100.0
oe:player:62922f2b370657a966de4d84f5586bf,jng,Tarzan,LPL,Anyone's Legend,138,2026-01-15 09:26:10,2026-09-13 12:03:56,108,518.3137898550725,0.18796333623188405,0.21140026811594204,7.3558115942028985,0.3660514492753623,0.35077681159420293,190.92592592592592,160.74074074074073,2.2777777777777777,0.10972325194956753,0.07537642624180187,0.25446070414959027,0.7467508720451506,174.8650511701203,0.8524397725646047,0.05459706707896603,874.8503284936742,138,138,138,138,138,138,108,108,108,138,138,138,137,78.26086956521739
oe:player:637ed20b1e41be1c51bd1a4cb211357,jng,Raptor,LCK,BNK FEARX,111,2026-01-15 10:15:24,2026-09-03 11:59:51,111,486.1699189189189,0.17764856036036036,0.20312611711711712,6.639873873873873,0.3865972972972973,0.3932657657657658,2.4234234234234235,-134.63063063063063,-2.5315315315315314,0.11034344732907644,0.11605348240985876,0.23682184639305148,0.7515873070918613,139.68780857909704,0.7389969400492329,0.06681877781939978,716.4730223881371,111,111,111,111,111,111,111,111,111,111,111,111,111,100.0
oe:player:63dd174baf11b12006e5dc29c2269a1,top,Maynter,LEC,Natus Vincere,75,2026-01-17 18:08:00,2026-09-18 18:12:05,75,532.6898640000001,0.21239937733333333,0.18979521333333332,8.058537333333334,0.35867866666666665,0.183536,-43.413333333333334,68.84,-3.68,0.06365232653025263,0.07975998157659647,0.15276066221608636,0.5343787567016042,179.5799076621727,0.9224284975985846,0.050670018885949186,864.1949087794723,75,75,75,75,75,75,75,75,75,75,75,75,75,100.0
oe:player:6427b0c5a7c3106e92a7c11257a08c6,jng,Guwon,LPL,Ninjas in Pyjamas,93,2026-01-19 12:21:37,2026-09-06 13:43:30,72,420.8700333333333,0.15889102365591398,0.20248406451612905,7.021854838709678,0.339494623655914,0.3549129032258065,134.84722222222223,119.375,0.9722222222222222,0.10437702961042786,0.09196100043822569,0.24052117214585797,0.7289322890228959,135.8247890651467,0.7957852720694426,0.061450568908335376,871.3302386471547,93,93,93,93,93,93,72,72,72,93,93,93,93,77.41935483870968
oe:player:647116a60606bd44fb11a860da72776,sup,Breezy,LCS,Dignitas,2,2026-01-25 23:15:54,2026-01-26 00:04:23,2,119.96365,0.06627885,0.10154664999999999,1.09565,1.90275,0.35235,-716.0,-494.0,10.5,0.013464991023339317,0.10301343214360303,0.16741888893355703,0.59375,0.32944104935481594,0.026092240225783714,0.006655990535423592,178.19090885900997,2,2,2,2,2,2,2,2,2,2,2,2,2,100.0
oe:player:655c522b43d1444e55a0a4615c2b59b,jng,Grizzly,LPL,Ultra Prime,13,2026-01-15 07:12:06,2026-02-03 10:00:16,10,367.6591230769231,0.16926338461538462,0.20610446153846154,7.202346153846154,0.3652153846153846,0.4801846153846154,-475.4,-557.2,-8.5,0.06352422020820327,0.10772236892517117,0.18803842575981083,0.8001486436269045,130.38605063999466,0.6275449487425643,0.055713087215484465,483.1434569566269,13,13,13,13,13,13,10,10,10,13,13,13,13,76.92307692307693
oe:player:655ff5d5e29058249fdf0ab0e1389f8,bot,FenRir,LCK,KT Rolster,13,2026-05-20 11:01:11,2026-08-09 09:51:31,13,684.3889076923077,0.2745694615384615,0.2554186923076923,9.185676923076922,0.3929,0.33326153846153844,-590.7692307692307,-332.7692307692308,-23.0,0.11623066857062854,0.1020869908518094,0.1541345801785431,0.6071043832552784,280.0384652157225,1.0311575293117972,0.06444381485061343,1048.089146482473,13,13,13,13,13,13,13,13,13,13,13,13,12,100.0
oe:player:65ed20b21e2993fb00dbd21a2fd991b,top,Zika,LPL,Weibo Gaming,100,2026-01-14 09:13:04,2026-08-19 09:06:07,81,640.921643,0.234579658,0.19884204,8.487985,0.40110100000000004,0.175902,20.925925925925927,-29.82716049382716,0.8395061728395061,0.07637841619657254,0.08303724052542576,0.1447713840170805,0.5119395570538362,217.96413976121136,0.8982350047243319,0.05396421776553605,721.3471733114677,100,100,100,100,100,100,81,81,81,100,100,100,100,81.0
oe:player:6625d682ed10ef5e0e7c6c9e4dd2fc1,jng,Tatu,CBLOL,FURIA,71,2026-01-17 18:27:20,2026-09-26 19:53:47,71,490.50960845070426,0.1754955014084507,0.2117861971830986,7.338784507042254,0.3108338028169014,0.4689929577464788,278.46478873239437,132.2394366197183,3.23943661971831,0.12172799129103093,0.06008157424876184,0.2382529615190158,0.7482351920348523,195.82778337676606,0.8685252480330234,0.04787456252933959,755.6789157720723,71,71,71,71,71,71,71,71,71,71,71,71,71,100.0
oe:player:6644a7352d32c9c4443017798130b61,top,Pun,LCP,Team Secret Whales,78,2026-01-16 06:23:26,2026-08-30 10:26:53,78,705.6123564102564,0.23408526923076925,0.19210929487179487,8.212426923076922,0.49810128205128207,0.16926666666666668,115.35897435897436,-64.98717948717949,-0.6282051282051282,0.10589734786605635,0.09627465444278507,0.2442283289843842,0.5737507207560095,232.00692890814935,0.9449992849132285,0.06748767960886438,893.7471093312109,78,78,78,78,78,78,78,78,78,78,78,78,78,100.0
oe:player:66d0ff0f8f9b5296770c1dbda549950,bot,Ahn,LPL,ThunderTalk Gaming,64,2026-04-15 09:12:33,2026-08-28 10:50:54,52,683.290534375,0.264045171875,0.26018365625,9.25280625,0.4579046875,0.317040625,-136.21153846153845,-292.86538461538464,-2.6923076923076925,0.10567532571820396,0.10778342819017706,0.1975337266547549,0.6502639630537884,223.24774306125238,1.1625466170376626,0.07236173424479533,1387.199129527658,64,64,64,64,64,64,52,52,52,64,64,64,64,81.25
oe:player:67007ffa5eb4f53d82366f6685a8303,jng,Kisno,LCS,Disguised,6,2026-01-24 23:14:34,2026-02-01 22:55:17,6,372.87624999999997,0.1433965,0.19671783333333334,7.064233333333333,0.27025,0.31443333333333334,-229.16666666666666,-153.16666666666666,-6.0,0.10596504526621263,0.1113811732871844,0.1557470846899298,0.6536275569032984,139.3686159484516,0.7113018534115221,0.024803108056450328,650.6831538211718,6,6,6,6,6,6,6,6,6,6,6,6,6,100.0
oe:player:67447707ec7cbde9ab25bfa2ed69877,jng,DDoiV,LCK,DN SOOPers,2,2026-05-13 10:12:11,2026-05-13 11:00:26,2,246.60435,0.11869,0.1683595,5.86135,0.2884,0.26935,-1298.0,-1457.5,-22.5,0.01904761904761905,0.11528239202657807,0.05780730897009967,0.45,33.7990677446139,0.26184164107337876,0.0014095151784449466,680.2367235014588,2,2,2,2,2,2,2,2,2,2,2,2,2,100.0
oe:player:682275c2ba204d32b67f5fa94b928e4,jng,Skeanz,LEC,SK Gaming,52,2026-01-17 19:07:52,2026-08-29 16:05:12,52,463.47127307692307,0.16865722884615383,0.19286511538461537,6.569365384615385,0.3019192307692308,0.3125653846153846,-340.0769230769231,-282.15384615384613,-5.980769230769231,0.09426729867440968,0.1015710085646275,0.19812502438712545,0.7306286307507484,176.1191304020474,0.5871800925876335,0.05983062554118152,753.6998894643559,52,52,52,52,52,52,52,52,52,52,52,52,52,100.0
oe:player:6841f2d68619d53bdd1cdbf30b5be2c,sup,Zeyzal,LCS,Shopify Rebellion,35,2026-07-26 22:15:36,2026-09-26 22:35:31,35,172.78852,0.07576832857142857,0.10112315999999999,0.9921800000000001,1.8892657142857143,0.33882,-96.14285714285714,-7.9714285714285715,-1.6285714285714286,0.018977663709883293,0.08601481728624695,0.2266614515420899,0.7005196965303112,53.36121616192134,0.2185368521890665,0.06841363716233954,385.6581191598974,35,35,35,35,35,35,35,35,35,35,35,35,35,100.0
oe:player:6aaac758332a8320840ac0e5f8fc28e,bot,FIX,CBLOL,9z Globant,3,2026-09-29 21:04:45,2026-09-29 22:38:59,3,643.0237000000001,0.230716,0.23632033333333333,8.032333333333334,0.30476666666666663,0.1523,-1893.0,-497.6666666666667,-19.0,0.05722460658082976,0.26176272373226134,0.09537513148903792,0.4583333333333333,335.2197368764106,0.8683738902876647,0.10473302367443649,1866.8152024236358,3,3,3,3,3,3,3,3,3,3,3,3,3,100.0
oe:player:6adb46561c24655e0455d9b3fdc5698,mid,Clozer,LCK,DN SOOPers,88,2026-01-14 08:13:43,2026-08-22 12:30:01,88,617.9170556818182,0.24130061249999998,0.21705285227272728,9.354312499999999,0.4461988636363637,0.17008295454545455,-149.79545454545453,-121.76136363636364,-0.5795454545454546,0.09658567307457426,0.09404760011766061,0.14689103897474293,0.6390421598379191,191.20126254515938,0.9024013138406131,0.0491275008819359,703.4333723988282,88,88,88,88,88,88,88,88,88,88,88,88,87,100.0
oe:player:6bc43cc1537fa4ac6295b4899e972cf,mid,Care,LPL,Ninjas in Pyjamas,93,2026-01-19 12:21:37,2026-09-06 13:43:30,72,615.4892096774194,0.2290515376344086,0.21752927956989246,8.999663440860216,0.4361935483870968,0.3434741935483871,-56.31944444444444,-136.52777777777777,-2.4722222222222223,0.1123982013328377,0.06681710152285862,0.19372446718416883,0.6318102617989504,198.71961385820458,0.921081356788213,0.05219913907905117,862.2548367856515,93,93,93,93,93,93,72,72,72,93,93,93,93,77.41935483870968
oe:player:6c1d0c529e73fe4c8b9a5306867c4bf,bot,BAO,CBLOL,Fluxo W7M,55,2026-01-17 17:20:13,2026-08-29 19:36:38,55,715.3151781818182,0.29067332727272727,0.27135156363636365,9.862667272727272,0.5450236363636364,0.2804818181818182,-265.4909090909091,-28.418181818181818,-2.0,0.11379959946962867,0.06922043390030351,0.12797712244011053,0.6534637032516656,234.0745463895871,0.6105902305555108,0.05636530955878067,1022.6158518580576,55,55,55,55,55,55,55,55,55,55,55,55,55,100.0
oe:player:6cb75f242bca4309e2f942a4895805f,jng,SCARY,CBLOL,KaBuM! Ilha das Lendas,5,2026-09-28 21:04:54,2026-09-30 22:47:59,5,425.30708000000004,0.16436866,0.2131066,6.23588,0.32093999999999995,0.23592,564.8,-81.2,-6.0,0.15100197279390107,0.14824604760598123,0.2102714415767534,0.6724608724608725,150.05079039364307,0.7619916515290706,0.09943125680945147,1660.8940965636552,5,5,5,5,5,5,5,5,5,5,5,5,5,100.0
oe:player:6d734e1e86b978852d95cfd63d6a643,bot,Shaoye,LPL,LGD Gaming,97,2026-01-15 07:12:06,2026-09-08 10:55:45,79,654.6130752577319,0.269082412371134,0.259979969072165,9.333053608247422,0.5202432989690722,0.30644432989690723,-187.20253164556962,-260.746835443038,-12.481012658227849,0.10477381647503274,0.08466936116527951,0.1587112796708677,0.6157436448684144,230.59629554343044,0.772327339936174,0.05576516844962436,1032.5875188554587,97,97,97,97,97,97,79,79,79,97,97,97,97,81.44329896907216
oe:player:6daafc30b010acda4ebc20b6785cbc0,top,Boal,CBLOL,"Vivo Keyd Stars, paiN Gaming",44,2026-01-17 16:19:20,2026-09-20 18:46:20,44,588.2430977272727,0.23982221136363638,0.20577870454545455,8.670704545454546,0.46674772727272723,0.166375,173.1818181818182,78.79545454545455,-0.11363636363636363,0.0770562044331914,0.08265271655466241,0.13009084062684967,0.5645074851418618,202.29650365633586,0.8432947444549682,0.059072493219748945,856.1118236220398,44,44,44,44,44,44,44,44,44,44,44,44,44,100.0
oe:player:6e632d8dfe91b18ecbbcdc028094e5c,top,Zothve,CBLOL,Fluxo W7M,16,2026-07-26 16:09:53,2026-08-29 19:36:38,16,428.544275,0.203049,0.2114820625,8.794875,0.30185625,0.129725,-278.375,-213.0625,-1.4375,0.0706734109985171,0.07848515068007046,0.08619051242448975,0.47077132936507937,188.5179569812577,0.929665466355147,0.06753531772217809,814.1972631576044,16,16,16,16,16,16,16,16,16,16,16,16,16,100.0
oe:player:6e6a78244523ed9e54731d07d1f79f4,top,DuDu,LCK,DN SOOPers,88,2026-01-14 08:13:43,2026-08-22 12:30:01,88,632.9698329545455,0.248477625,0.21562061363636362,8.941152272727273,0.40354545454545454,0.20738636363636365,153.25,86.0,4.329545454545454,0.0650567030997591,0.08965012683516167,0.12419991452237134,0.4851413365349238,223.9007643070006,0.7669926578763026,0.04869981726017243,720.6870165765921,88,88,88,88,88,88,88,88,88,88,88,88,87,100.0
oe:player:6e7908512cb309a43388bb464a312a2,mid,Creme,LPL,Top Esports,127,2026-01-14 12:37:55,2026-09-05 10:08:34,98,753.8145173228347,0.2611742677165354,0.2154907874015748,8.894952755905512,0.43258346456692914,0.2740094488188976,34.37755102040816,119.66326530612245,4.36734693877551,0.11410228446991653,0.08479573348208272,0.20036866099117004,0.6133140675367099,243.78803852976856,0.943136115496303,0.06698974410881889,866.3521880376663,127,127,127,127,127,127,98,98,98,127,127,127,127,77.16535433070865
oe:player:6fbf57b984dbf130701e09ea4110bb8,top,Rich,LCK,Kiwoom DRX,77,2026-01-15 08:05:23,2026-05-29 09:49:54,77,661.8059051948052,0.2389957922077922,0.19769463636363635,8.332064935064935,0.4877688311688312,0.2351207792207792,-174.15584415584416,-204.98701298701297,-6.12987012987013,0.07158479866731239,0.0949768581316503,0.16096280759085516,0.5167136675817906,168.89171922894386,0.7655062364843129,0.061860689208993055,675.9221783478494,77,77,77,77,77,77,77,77,77,77,77,77,77,100.0
oe:player:6fcbbff49badbddafbda79a49abba07,jng,STEPZ,CBLOL,RED Canids,57,2026-03-28 16:14:08,2026-09-26 19:53:47,57,461.73482280701757,0.17486241578947367,0.2130843859649123,7.436914035087719,0.43383684210526313,0.39282280701754385,322.64912280701753,314.57894736842104,5.754385964912281,0.101022604101815,0.08171448352119672,0.19654452477809062,0.7047935757817079,167.106282077889,0.7559912054095876,0.05609263723388004,822.2855233004982,57,57,57,57,57,57,57,57,57,57,57,57,57,100.0
oe:player:70e6d96860b77bb3e87663215b42a1f,mid,JimieN,LCP,Ground Zero Gaming,48,2026-01-16 06:23:26,2026-05-16 10:58:46,48,617.7114208333334,0.22385489583333332,0.20194827083333333,8.629575,0.47549166666666665,0.2611125,-327.625,-380.3125,-7.416666666666667,0.09303585379312145,0.10801039787883353,0.1679691901200505,0.6316505749854896,221.66701382665008,0.7974296357940008,0.05644127295380865,757.7584981307446,48,48,48,48,48,48,48,48,48,48,48,48,48,100.0
oe:player:717bb4d71a2dab54e7020b1a8fde420,bot,Flakked,LEC,GiantX,33,2026-08-01 15:08:25,2026-09-11 18:51:32,33,716.0892090909091,0.2761660151515151,0.2742645757575758,9.892533333333333,0.4822969696969697,0.3840090909090909,-408.45454545454544,-320.6363636363636,-7.484848484848484,0.10780744589396447,0.07325070945478537,0.15237967894345708,0.7134618439097049,254.0516670993697,0.7672486187127788,0.04096921298360484,1220.9097297432838,33,33,33,33,33,33,33,33,33,33,33,33,33,100.0
oe:player:71b8101d78beb04a089caa90a8d9310,bot,Jeskla,CBLOL,Vivo Keyd Stars,24,2026-07-26 18:11:19,2026-09-19 17:57:40,24,652.9719,0.27676708333333333,0.2586209583333333,9.453041666666666,0.4541583333333334,0.209375,-334.5416666666667,-322.2083333333333,-3.0,0.08113643249982777,0.06398755439639821,0.14452001210501123,0.6314069769872054,196.39929398262367,0.6554612560543954,0.05508980292705323,790.7195940719286,24,24,24,24,24,24,24,24,24,24,24,24,24,100.0
oe:player:71e79ef80600d398d90cfebe3b0b758,mid,Scout,LCK,Nongshim RedForce,86,2026-01-15 10:15:24,2026-08-27 10:48:14,86,729.8073686046512,0.25129831395348834,0.2258650930232558,9.044706976744186,0.3877906976744186,0.21476860465116276,161.27906976744185,218.46511627906978,2.383720930232558,0.13653735495704758,0.09635761704965483,0.1956860538254698,0.6759031921786816,194.25542055493196,0.9906264881425171,0.05950955589426867,890.738525721118,86,86,86,86,86,86,86,86,86,86,86,86,86,100.0
oe:player:722c8846b5f0c756efb2affe467958a,mid,Kaze,CBLOL,"LOUD, RED Canids",70,2026-01-17 17:20:13,2026-09-27 19:49:11,70,672.1120314285714,0.2424434857142857,0.21165677142857145,8.696254285714286,0.4442657142857143,0.16924,109.17142857142858,45.01428571428571,0.45714285714285713,0.14028826177897147,0.0775719699454193,0.1820389570742141,0.6564476032941692,204.13373789932567,0.9061957424734565,0.05309878169117696,757.7706427395623,70,70,70,70,70,70,70,70,70,70,70,70,70,100.0
oe:player:728ce343a6718cfdd5d223c971cc2fd,mid,Kamiloo,LEC,Karmine Corp Blue,11,2026-01-17 20:06:09,2026-02-08 16:47:25,11,651.3713727272727,0.25962127272727276,0.2260546363636364,9.257354545454545,0.5405636363636364,0.28808181818181816,-617.9090909090909,-597.0909090909091,-8.909090909090908,0.07923766639522499,0.13478411752432432,0.14588338445006357,0.6457708957708957,137.89669845337184,0.7560892703426444,0.05537420609837612,909.5865494328128,11,11,11,11,11,11,11,11,11,11,11,11,11,100.0
oe:player:73d2b65353d7b00e0f198ffdc085edc,bot,FBI,LCS,Dignitas,39,2026-01-31 23:09:01,2026-09-05 22:48:43,39,772.4777897435897,0.30541992307692306,0.2799528974358974,9.44036923076923,0.47303076923076925,0.24394615384615384,-308.87179487179486,-146.48717948717947,-1.0,0.09030748025108588,0.10715075730952918,0.12164869557895686,0.6489199881733818,312.74529689665053,0.843363433287979,0.05244475437152849,1065.5336488422665,39,39,39,39,39,39,39,39,39,39,39,39,39,100.0
oe:player:73e08f7701a4316284cbe884b5d7e56,top,Kiaya,LCP,GAM Esports,73,2026-01-17 06:17:02,2026-08-22 13:02:20,73,658.4072136986301,0.2560309315068493,0.204655698630137,8.822672602739727,0.5676657534246575,0.1735917808219178,116.21917808219177,139.93150684931507,8.452054794520548,0.08698792387463182,0.08470733830164162,0.1655311607545016,0.5418782339108714,194.75624698305452,0.8393176155630956,0.057932077204824205,877.2218179915649,73,73,73,73,73,73,73,73,73,73,73,73,73,100.0
oe:player:75019a36fdf85666fbd9396ae4fc7ec,top,Kratos,LCP,MVK Esports,61,2026-01-17 08:21:31,2026-08-29 10:44:32,61,552.2708180327869,0.2187189786885246,0.20100991803278687,8.608396721311475,0.4853819672131148,0.17331311475409839,30.57377049180328,-34.78688524590164,5.278688524590164,0.07073136269171162,0.10059605662467992,0.11027919626728086,0.466714114557364,202.9706184445362,0.9755862924360261,0.07011625007701723,708.9027074527786,61,61,61,61,61,61,61,61,61,61,61,61,60,100.0
oe:player:7577c239c73fa5f3011cd7b5503e75e,top,Canna,LEC,Karmine Corp,104,2026-01-17 20:06:09,2026-09-19 17:16:53,104,644.4953394230769,0.2256052730769231,0.20501273076923077,8.724918269230768,0.48119903846153844,0.17696346153846154,198.55769230769232,112.60576923076923,2.2596153846153846,0.08735913966791438,0.07705417478730105,0.15157974653031345,0.4940955673222095,197.531623343034,1.012952946296405,0.05693013450236447,830.533701693671,104,104,104,104,104,104,104,104,104,104,104,104,103,100.0
oe:player:76a48b285de2308d5de60668d021ed5,top,Liangchen,LPL,Ultra Prime,13,2026-01-15 07:12:06,2026-02-03 10:00:16,10,405.36047692307693,0.18533236153846153,0.17646923076923077,8.2533,0.4223615384615385,0.1886846153846154,-139.3,-228.6,-5.7,0.02140106668124201,0.07461784631379248,0.13173267402921446,0.4921218877740617,194.59647416583698,0.7440101298593542,0.05035314558066913,738.7836925950954,13,13,13,13,13,13,10,10,10,13,13,13,13,76.92307692307693
oe:player:78081d0b3c01f1f295d52d53744261a,sup,Ghost,LCK,KT Rolster,11,2026-01-14 09:06:16,2026-02-06 12:11:32,11,208.63404545454543,0.07625106363636364,0.09313182727272727,1.0400545454545453,1.7017636363636364,0.39819090909090904,-54.36363636363637,152.8181818181818,-1.1818181818181819,0.006799526413524085,0.10079762513008825,0.2640018430692541,0.7806213394448688,81.59256384713456,0.29491692851932516,0.06748319263941044,335.8155067078567,11,11,11,11,11,11,11,11,11,11,11,11,11,100.0
oe:player:786b5bbf7bbfb7b79379e8589a865c1,top,Zest,CBLOL,LØS,87,2026-01-17 19:25:07,2026-10-01 22:55:23,87,722.523235632184,0.25762267816091955,0.22546194252873564,9.298158620689655,0.37282413793103447,0.1966080459770115,601.5862068965517,492.0344827586207,14.839080459770114,0.10654901275687254,0.07755875905154892,0.16623576193974185,0.5389611363015427,190.3509113965823,0.9683233856507215,0.05227144076602899,853.336250851234,87,87,87,87,87,87,87,87,87,87,87,87,87,100.0
oe:player:7c30c1a6ce9d063b361b66ccb40444b,mid,Nia,LPL,"Invictus Gaming, LNG Esports",32,2026-05-01 11:34:18,2026-08-19 09:06:07,27,575.76103125,0.23151190625,0.2078860625,8.604184375,0.39737812499999997,0.23170625,-291.55555555555554,-96.66666666666667,-7.074074074074074,0.09484869791215063,0.12031038262362267,0.1654465779408098,0.6318318726552086,167.54782480561153,0.8543131774892945,0.05556076271254531,774.1600576571972,32,32,32,32,32,32,27,27,27,32,32,32,32,84.375
oe:player:7cf68f44e5dc31827b1d3f0a3b4a28e,bot,Hope,LPL,Anyone's Legend,138,2026-01-15 09:26:10,2026-09-13 12:03:56,108,753.2323050724638,0.27479499999999996,0.27499294927536233,9.732621739130433,0.5489144927536233,0.3719463768115942,61.75925925925926,120.98148148148148,-2.4814814814814814,0.1510770183478274,0.07121901646026568,0.17606777112230043,0.6576233823635897,209.0627638132473,0.8169805463415903,0.053116527035107046,1059.5840999499455,138,138,138,138,138,138,108,108,108,138,138,138,137,78.26086956521739
oe:player:7db16a4ce881aecec2bfeb3e0c74188,bot,Marvin,CBLOL,paiN Gaming,5,2026-01-17 16:19:20,2026-01-25 18:24:07,5,585.16048,0.2290324,0.23994880000000002,9.204519999999999,0.46318000000000004,0.34985999999999995,-844.0,-584.4,-10.4,0.0637086985345399,0.14488245258906648,0.12416506512531651,0.4984126984126984,141.1589451618706,0.7544705872331944,0.03533341576933981,970.3527709034483,5,5,5,5,5,5,5,5,5,5,5,5,5,100.0
oe:player:7e2505960c12cc54c96a0a6efb2e055,top,Bwipo,CBLOL,Estral Esports,6,2026-09-29 21:04:45,2026-10-01 22:55:23,6,746.6325999999999,0.24370116666666666,0.18247349999999998,7.823866666666667,0.4843166666666667,0.11283333333333334,565.1666666666666,637.6666666666666,7.0,0.09225417493195397,0.11137312677576106,0.22224725421622804,0.400962415617588,126.86539608536278,0.6766231171536093,0.04414439897676065,1301.7018731901198,6,6,6,6,6,6,6,6,6,6,6,6,6,100.0
oe:player:7e754adda86a60e0a39d7204ba60424,bot,Betty,LCP,Ground Zero Gaming,15,2026-07-25 09:18:53,2026-08-15 11:12:07,15,844.1297933333334,0.2991759333333333,0.27443639999999997,9.64472,0.3877133333333333,0.30494666666666664,-260.6666666666667,53.8,2.6,0.1392582054882604,0.0769697398782287,0.19875033954728064,0.7489221032378928,211.70572571845187,1.0020716236163674,0.04500639485898775,988.0591846549236,15,15,15,15,15,15,15,15,15,15,15,15,15,100.0
oe:player:7f77fb35ead1b44ec7cb3ebb5a395ac,top,Baus,LEC,Los Ratones,11,2026-01-17 16:08:02,2026-02-08 15:53:10,11,561.5721272727274,0.21652252727272725,0.1939089090909091,8.880818181818182,0.4621363636363636,0.12359090909090908,-830.6363636363636,-951.3636363636364,-12.727272727272727,0.035130221077172216,0.1337825990949667,0.1203241886921154,0.46265741833923646,277.1465402502405,0.628766021375491,0.09153942381392204,638.5955328261032,11,11,11,11,11,11,11,11,11,11,11,11,11,100.0
oe:player:7fb26875c639817a59912a87be6f738,bot,Marble,LCP,Fukuoka SoftBank HAWKS gaming,60,2026-01-16 09:25:37,2026-08-06 11:21:55,60,743.5354616666666,0.28821426666666666,0.2826192666666667,10.008316666666667,0.4397816666666667,0.33651333333333333,-153.26666666666668,-93.01666666666667,-1.3666666666666667,0.11024749531549488,0.06470539925871553,0.12937930332188013,0.6365239227377469,251.6714623311909,0.7989362300694056,0.05639501001301628,923.8206749948945,60,60,60,60,60,60,60,60,60,60,60,60,60,100.0
oe:player:7fdedd3126915607d5c8f42f8239253,sup,Pleata,LCK,Nongshim RedForce,7,2026-05-09 10:15:45,2026-05-20 12:36:35,7,285.7241285714286,0.10645444285714285,0.10940648571428571,1.231842857142857,1.9800857142857142,0.47544285714285717,213.57142857142858,390.42857142857144,5.571428571428571,0.03125104890751272,0.07169944858176167,0.21480194941809086,0.7108185931715344,115.2711753439502,0.2584149754248184,0.06222751439471573,364.46758298594824,7,7,7,7,7,7,7,7,7,7,7,7,7,100.0
oe:player:8007ba25dee37ac1e4445a6e9f8d252,top,Xiaoxu,LPL,JD Gaming,139,2026-01-14 12:37:55,2026-09-05 13:20:43,110,585.8362726618705,0.21731909352517984,0.20527705755395684,8.974672661870503,0.550278417266187,0.14741007194244604,-35.018181818181816,-54.14545454545455,-1.2363636363636363,0.09262874194535949,0.08035092697919592,0.14438115847099325,0.5315431270142005,196.064453994445,0.9413866733003506,0.05314726707378701,882.0207197821966,139,139,139,139,139,139,110,110,110,139,139,139,139,79.13669064748201
oe:player:80fea0848c57b8e07a79675d41f582c,top,Castle,LCS,"Disguised, LYON",31,2026-01-24 23:14:34,2026-05-17 23:43:46,31,636.924941935484,0.250916935483871,0.2082088064516129,8.47258064516129,0.526483870967742,0.22892258064516127,256.0967741935484,-10.903225806451612,3.903225806451613,0.06970790772954454,0.11704434502481524,0.11204478974693217,0.5221512605300656,211.30287256860908,0.8706282024757965,0.05243289991858919,836.8780219696978,31,31,31,31,31,31,31,31,31,31,31,31,31,100.0
oe:player:81acc6bcde5c927c78e0990e9887f84,sup,Vulcan,LCS,Cloud9,74,2026-01-24 21:24:34,2026-09-27 22:30:06,74,218.3211135135135,0.08126978918918919,0.10531237972972973,1.1253945945945947,1.6662716216216218,0.3804945945945946,62.4054054054054,288.81081081081084,1.2567567567567568,0.026637352675334035,0.05050176752866514,0.3285031225251989,0.7731967490249224,86.71821990937848,0.2637711377711108,0.049944612208394905,422.4790152499243,74,74,74,74,74,74,74,74,74,74,74,74,74,100.0
oe:player:81d2110b25710f286ed9e9b6a8426b0,bot,Snaker,CBLOL,Leviatan,15,2026-03-29 17:59:21,2026-05-02 16:56:25,15,736.1230466666667,0.2755206,0.28747633333333333,9.571586666666667,0.43466666666666665,0.22850666666666666,121.73333333333333,95.13333333333334,-1.0666666666666667,0.09123414621245435,0.10176585354152559,0.12093108465121793,0.6986249715197084,227.08782718554343,0.801739808048424,0.041776464771468194,1067.9300048402495,15,15,15,15,15,15,15,15,15,15,15,15,15,100.0
oe:player:83eb62484689106807fcf5ad55b5479,mid,Jojopyun,LEC,Movistar KOI,94,2026-01-17 21:08:03,2026-09-20 17:13:10,93,691.4166170212766,0.2518216914893617,0.21707174468085108,9.49366914893617,0.4682787234042553,0.222581914893617,137.01075268817203,148.21505376344086,6.204301075268817,0.10867367232124511,0.08558068025742613,0.18563714871335626,0.622683433452009,208.86011862776073,0.9527501261093689,0.05789957483062628,914.2148032081204,94,94,94,94,94,94,93,93,93,94,94,94,94,98.93617021276596
oe:player:840d0b77e71408d3da84e4f0cae4b73,top,Wizer,CBLOL,Vivo Keyd Stars,22,2026-03-29 16:15:54,2026-05-23 17:09:04,22,668.3422318181819,0.2262210272727273,0.19676722727272725,8.393677272727272,0.3820272727272727,0.14804545454545456,-265.8636363636364,-284.1818181818182,-3.0,0.06913137301654994,0.09563204437624274,0.1322005157375698,0.5069062285398602,237.09837075036492,0.8640207553348184,0.06296439034382123,1194.4902995661269,22,22,22,22,22,22,22,22,22,22,22,22,22,100.0
oe:player:845ea84cec22236278388f19fcd20bf,jng,HamBak,LCS,Sentinels,66,2026-01-24 23:14:34,2026-09-18 23:20:29,66,422.65898333333337,0.16515503484848484,0.2050274393939394,6.882571212121213,0.34592121212121213,0.34728333333333333,151.5909090909091,143.77272727272728,2.5,0.09616567223953788,0.08836331785441698,0.19467282857031934,0.773854971292019,166.6833765094201,0.7196916446036833,0.05589962464497068,731.099634949831,66,66,66,66,66,66,66,66,66,66,66,66,66,100.0
oe:player:84bff3a326833c7c9181c698f676878,top,BrokenBlade,LEC,G2 Esports,89,2026-01-17 21:08:03,2026-09-20 17:13:10,89,575.1466337078651,0.21062603033707863,0.19479503370786516,8.473670786516854,0.4690292134831461,0.19380786516853932,-63.39325842696629,-25.50561797752809,-2.067415730337079,0.07367847401648947,0.07028275204708978,0.16727902302583242,0.4910843201023745,234.85016632275597,0.926073367185128,0.05517458065204266,845.454445011911,89,89,89,89,89,89,89,89,89,89,89,89,89,100.0
oe:player:84e640911c6d6f172d4cf1c7cc78a67,sup,Crecre,CBLOL,Golden Lions,2,2026-09-28 21:04:54,2026-09-28 21:55:14,2,225.79784999999998,0.102322,0.1098295,1.2293500000000002,1.9552,0.3629,-577.5,-308.5,2.0,0.04043126684636118,0.08049694621621475,0.2011814342944523,0.65,53.38946111738717,0.02326381310103744,0.05666142715053884,1279.1561671664645,2,2,2,2,2,2,2,2,2,2,2,2,2,100.0
oe:player:85104684d1eb7f4c0ce393441a0b669,bot,Aiming,LCK,"KT Rolster, Kiwoom DRX",80,2026-01-14 08:13:43,2026-08-22 12:30:01,80,765.369345,0.2861686375,0.29222015,10.44807,0.43181,0.36109375,-38.875,70.7875,-0.225,0.1355752265233597,0.0709602943819084,0.16059934565431988,0.7124778159839185,279.4501912831038,0.8477638446547469,0.05453616457953519,968.298591030889,80,80,80,80,80,80,80,80,80,80,80,80,79,100.0
oe:player:85ab9a415e1cf1f63000f7f6f1c183a,jng,KryRa,LCS,Disguised,41,2026-02-08 00:07:59,2026-09-06 22:34:24,41,442.14460975609757,0.17083588292682927,0.19021056097560976,6.477275609756098,0.22291463414634147,0.2909707317073171,-396.4878048780488,-389.219512195122,-6.829268292682927,0.06869231901811497,0.1203470201899213,0.16386225878105246,0.7450777935832283,203.43800965581113,0.990731957640533,0.08711072939393712,744.7020921801959,41,41,41,41,41,41,41,41,41,41,41,41,40,100.0
oe:player:863519e5df81ff9b308c90f6a59495b,jng,xiaofang,LPL,JD Gaming,6,2026-08-16 09:03:54,2026-08-30 11:52:59,3,500.18505,0.163814,0.189306,6.7069833333333335,0.5052,0.26876666666666665,-310.3333333333333,-424.0,-5.333333333333333,0.1150260857931316,0.09726421211970838,0.23610588656647424,0.6243386243386243,202.30305869567815,0.8228216390364725,0.03511240789545992,851.47479900073,6,6,6,6,6,6,3,3,3,6,6,6,6,50.0
oe:player:8643b56ba8000250b81fdaca1d7f06e,bot,Jiwoo,LCK,"KT Rolster, Kiwoom DRX",64,2026-01-15 08:05:23,2026-09-04 10:58:00,64,762.66026875,0.2909969375,0.280874328125,9.6482875,0.3696734375,0.3056046875,-209.390625,-72.78125,-7.90625,0.13949143152768056,0.09937801487672052,0.1592640978360132,0.6914679733927204,230.93641939279527,0.9774215713269471,0.0656045930330128,981.0896212834377,64,64,64,64,64,64,64,64,64,64,64,64,64,100.0
oe:player:867e8957fae1cb59f0808dbcc3aada2,bot,GALA,LPL,JD Gaming,139,2026-01-14 12:37:55,2026-09-05 13:20:43,110,730.0448697841726,0.2708537474820144,0.2753201582733813,10.18985179856115,0.3740510791366906,0.3807482014388489,103.87272727272727,165.13636363636363,6.490909090909091,0.1338672094825733,0.06814445179451249,0.1630334006172743,0.6501018080449673,216.3609466194894,0.7154981352179502,0.04654868345357866,829.0487984784422,139,139,139,139,139,139,110,110,110,139,139,139,139,79.13669064748201
oe:player:86a59ad7ba2334ad7505f303d3f2ab6,top,Casting,LCK,HANJIN BRION,93,2026-01-14 11:22:18,2026-08-28 11:40:15,93,579.6460376344086,0.22660930215053765,0.20048725806451612,8.433710752688173,0.5695247311827957,0.17768387096774194,57.86021505376344,74.18279569892474,-2.236559139784946,0.06209246579549218,0.07763271911784755,0.15193691332694492,0.5435807881094207,188.7286561311681,0.9357278063047066,0.05312439123639488,883.2732920838538,93,93,93,93,93,93,93,93,93,93,93,93,92,100.0
oe:player:87b0ff8e56b0ce96bc0a82ea5dc9a7e,sup,Kuri,CBLOL,paiN Gaming,30,2026-01-17 16:19:20,2026-05-02 16:56:25,30,221.51900666666668,0.08278318333333333,0.10302025666666667,1.0524933333333333,2.1556100000000002,0.37645666666666666,-42.1,-60.8,0.16666666666666666,0.02986150705599783,0.10678970368472182,0.24869565925021309,0.7476888730468016,72.36113296829402,0.2204171967966161,0.0711623765371097,373.81983028892586,30,30,30,30,30,30,30,30,30,30,30,30,30,100.0
oe:player:87ea894dd96c4c4577c7e32bdcd630b,jng,Warsor,CBLOL,9z Globant,3,2026-09-29 21:04:45,2026-09-29 22:38:59,3,479.13196666666664,0.18430666666666665,0.21126166666666668,6.185833333333334,0.32876666666666665,0.19533333333333336,-866.3333333333334,-789.3333333333334,-9.333333333333334,0.06196334506603734,0.2952967866376732,0.13838509698955495,0.5861111111111111,93.41326831089535,0.2950307498098008,0.09344670233498978,780.4725064557581,3,3,3,3,3,3,3,3,3,3,3,3,3,100.0
oe:player:87f7503a6cdacffa612aeee7f04cc7c,mid,Callme,LCS,Disguised,47,2026-01-24 23:14:34,2026-09-06 22:34:24,47,612.122959574468,0.24320368085106384,0.2322566170212766,9.42988510638298,0.26488297872340427,0.3441510638297872,23.340425531914892,4.382978723404255,2.106382978723404,0.08089087887604918,0.11442522419779938,0.14010238915708126,0.6763014504482178,209.91035168258261,0.890014972756009,0.06362380524014398,817.5207556624757,47,47,47,47,47,47,47,47,47,47,47,47,46,100.0
oe:player:886e8205ac1b091dbf67dbae83b1544,mid,Tutsz,CBLOL,FURIA,77,2026-01-17 18:27:20,2026-09-26 19:53:47,77,649.9889116883118,0.23807148051948052,0.21042437662337665,8.80063896103896,0.4179545454545454,0.26114415584415585,1.6233766233766234,-54.36363636363637,-1.844155844155844,0.11183401184534317,0.07022651507458054,0.19930306591671815,0.6594872889726726,217.74658287805326,0.82242187665389,0.04707111422098413,849.2193480045604,77,77,77,77,77,77,77,77,77,77,77,77,77,100.0
oe:player:8878e7050143a0fe4020498043fcc0d,top,Nate,CBLOL,9z Globant,3,2026-09-29 21:04:45,2026-09-29 22:38:59,3,540.6174333333333,0.19741433333333333,0.217473,7.870933333333333,0.3761666666666667,0.09046666666666665,-1609.6666666666667,-1963.6666666666667,-21.0,0.05242591063589904,0.218629694561678,0.0667012963635899,0.4583333333333333,291.8239970679302,0.3470664249582973,0.14320951507860488,506.09518208863966,3,3,3,3,3,3,3,3,3,3,3,3,3,100.0
oe:player:88bba3108e62145a9780becd3eb553d,jng,Jiejie,LPL,"EDward Gaming, Weibo Gaming",112,2026-01-14 09:13:04,2026-08-28 08:03:38,91,442.0327758928571,0.1634317142857143,0.20482041964285713,6.975401785714285,0.33577321428571427,0.42714017857142855,-60.53846153846154,-149.26373626373626,-2.89010989010989,0.09281813398782654,0.09552598558421291,0.2093188767925285,0.760413862599167,162.11701198678637,0.6661509292475115,0.06500277076994035,756.9414524209666,112,112,112,112,112,112,91,91,91,112,112,112,111,81.25
oe:player:8a5dbe19794784cfd0553556844f045,jng,Contractz,LCS,Shopify Rebellion,59,2026-01-25 21:13:51,2026-09-26 22:35:31,59,404.13015762711865,0.16297224745762712,0.20959693220338982,6.958418644067796,0.2656,0.3132423728813559,-47.86440677966102,-184.15254237288136,-2.305084745762712,0.0832260913473646,0.09363058128301695,0.16236963535328897,0.7244649742911822,178.31827488878267,0.694173807728339,0.05595511342581898,712.9549595878657,59,59,59,59,59,59,59,59,59,59,59,59,59,100.0
oe:player:8a8f18e4b7d0f30c19c5fb99a526951,jng,Elyoya,LEC,Movistar KOI,94,2026-01-17 21:08:03,2026-09-20 17:13:10,93,456.9268244680851,0.16362525425531915,0.20157726595744682,7.090179787234042,0.41944361702127664,0.4214744680851064,1.3870967741935485,-14.96774193548387,0.8924731182795699,0.09879818642878908,0.07395924216889077,0.24902414832072045,0.7428201787622758,191.12070564445028,0.6947662635627183,0.053581681338438915,734.8096623151448,94,94,94,94,94,94,93,93,93,94,94,94,94,98.93617021276596
oe:player:8b73af38e98bccab6f86930c75a9450,sup,Trymbi,LEC,Shifters,33,2026-01-17 17:06:08,2026-05-04 19:47:06,33,220.69584545454546,0.08595207272727272,0.10431275757575759,1.0866272727272728,1.7644090909090908,0.5517787878787879,27.96969696969697,-84.66666666666667,0.9696969696969697,0.015717789424237693,0.11385115213443385,0.28428445026955834,0.7598169597339313,85.00858116530091,0.25263449545826977,0.06232312941603834,378.7446769302907,33,33,33,33,33,33,33,33,33,33,33,33,33,100.0
oe:player:8b976d804f0b51e0dff5d24fc6ead77,bot,Strensh,CBLOL,Leviatan,14,2026-07-26 16:09:53,2026-08-30 20:07:25,14,616.8364571428572,0.2867854285714286,0.27425957142857144,9.418142857142858,0.3374642857142857,0.1462642857142857,-474.0,18.071428571428573,-8.142857142857142,0.09246752776765517,0.053183959903647396,0.08074329414662874,0.6154288988322602,213.65855331051247,0.7881026511763606,0.044241701438348636,929.3248169421795,14,14,14,14,14,14,14,14,14,14,14,14,14,100.0
oe:player:8bac58409e91b96ecd05f6d8f053e07,bot,Ice,LEC,Team Heretics,36,2026-01-17 18:08:00,2026-05-03 16:12:33,36,634.4441694444445,0.25701844444444444,0.28443405555555556,10.432952777777778,0.42951944444444445,0.3258388888888889,15.555555555555555,13.222222222222221,0.6111111111111112,0.09225448747506829,0.08480254753415266,0.09550575159210863,0.6376222521514621,228.82927890100552,0.6332069643539537,0.05357476907279376,1004.2523144663952,36,36,36,36,36,36,36,36,36,36,36,36,36,100.0
oe:player:8bad2b6e61622bd2fa9462db0a2b877,jng,Yukino,LEC,Karmine Corp Blue,11,2026-01-17 20:06:09,2026-02-08 16:47:25,11,457.29414545454546,0.1768178181818182,0.20079345454545452,6.652245454545454,0.3039909090909091,0.2729818181818182,-71.54545454545455,96.45454545454545,5.090909090909091,0.08905924033656917,0.14414475877778268,0.1670767146595654,0.7309342172978536,136.85866117490235,0.75103260563525,0.0857479929754019,753.793123295293,11,11,11,11,11,11,11,11,11,11,11,11,11,100.0
oe:player:8c6395564a23f3c2af8d378540012b0,sup,Way,LEC,Team Heretics,39,2026-03-29 15:07:54,2026-08-30 14:51:48,39,185.18850512820512,0.08071630256410256,0.09916393846153847,0.9892794871794871,1.95685641025641,0.45236923076923075,-97.25641025641026,-32.58974358974359,-0.1282051282051282,0.013820678208724041,0.09814161281421067,0.18616038069438873,0.7666444666444666,65.54704244319073,0.18950277623224965,0.04934092375091146,398.828001309938,39,39,39,39,39,39,39,39,39,39,39,39,39,100.0
oe:player:8debac77f7c6101af768dc729323a67,top,Flauren,LCP,Deep Cross Gaming,91,2026-01-16 09:25:37,2026-08-13 12:22:32,91,700.7675098901099,0.24802504395604394,0.20249024175824173,8.37193956043956,0.4661406593406593,0.19454395604395602,-28.153846153846153,-172.52747252747253,-3.142857142857143,0.09830991252491338,0.08987129034487154,0.17729140211292163,0.5553648361583973,218.69570766685945,0.8226527697204293,0.0584082240858218,854.7497739504679,91,91,91,91,91,91,91,91,91,91,91,91,91,100.0
oe:player:8f7f4c1ce7a4f933663d10543562b09,bot,About,LPL,Team WE,128,2026-01-16 11:10:15,2026-09-06 08:54:18,115,781.23342578125,0.29943771874999997,0.2789471171875,9.9884453125,0.50304765625,0.37192734375,-52.93043478260869,-52.08695652173913,-1.5304347826086957,0.1261113338178872,0.11165389847652382,0.15598852264083282,0.6792198423120079,257.68053030935135,0.9270229026432403,0.06796710007541774,967.3880797656213,128,128,128,128,128,128,115,115,115,128,128,128,128,89.84375
oe:player:8f862245fbdb4d065e46c83630b9495,mid,nuc,LEC,Shifters,54,2026-01-17 17:06:08,2026-08-30 13:01:54,54,667.9868685185185,0.25788240740740737,0.21542798148148148,8.799288888888888,0.44846481481481476,0.20996481481481483,-59.74074074074074,-121.92592592592592,-2.740740740740741,0.10112852646222098,0.10166177820746226,0.14635099880090088,0.6368838272596442,241.65453180658918,0.6800129384636642,0.054884626972380696,774.8315747646525,54,54,54,54,54,54,54,54,54,54,54,54,54,100.0
oe:player:8f8eaac8e99c203ee76e57c5c81c91f,mid,Quid,LCS,Team Liquid,73,2026-01-24 21:24:34,2026-09-27 22:30:06,73,705.4901630136986,0.2653024657534247,0.2222370684931507,9.111905479452055,0.4062986301369863,0.22833972602739727,194.54794520547946,150.42465753424656,1.3835616438356164,0.13069450588228382,0.06735947067677703,0.189910899919629,0.7081532087163918,241.4871142198755,0.9247945797266443,0.05261589555840057,747.7392601311988,73,73,73,73,73,73,73,73,73,73,73,73,73,100.0
oe:player:90651ebea9a35ec4e018c8157492e17,sup,ON,LPL,Bilibili Gaming,140,2026-01-15 11:30:15,2026-09-13 12:03:56,113,235.30391285714285,0.08049135642857143,0.10747468071428572,1.092947142857143,2.197812142857143,0.5220378571428572,128.1769911504425,69.65486725663717,-0.7345132743362832,0.024168785803754256,0.10605315950540702,0.4006210412833199,0.7213394752247191,102.55420312348316,0.24406535168077137,0.0680993805290192,419.194875200589,140,140,140,140,140,140,113,113,113,140,140,140,140,80.71428571428572
oe:player:9191e392e93a6ef011ef76b5b83ee6c,sup,huhi,LCS,Sentinels,66,2026-01-24 23:14:34,2026-09-18 23:20:29,66,191.73206666666667,0.07616139090909091,0.10803598333333332,1.2329045454545455,2.0063212121212124,0.523678787878788,119.03030303030303,-66.34848484848484,3.909090909090909,0.01813361960146672,0.07599698891198088,0.2808614032341253,0.793802898910564,77.18084376892278,0.2574942553096719,0.05297936023819299,375.0933820016627,66,66,66,66,66,66,66,66,66,66,66,66,66,100.0
oe:player:92544d7a994bd6841cccd9f6e42e3de,jng,Canyon,LCK,Gen.G,100,2026-01-15 08:05:23,2026-09-13 08:19:05,100,484.579179,0.16314759299999998,0.19793371,7.364239,0.45825699999999997,0.39097000000000004,79.04,79.52,1.7,0.10798237496723778,0.07343205297755265,0.27934480682478136,0.7141886778652649,185.57723067725541,0.6709611432388345,0.05204004247785538,698.4731388225074,100,100,100,100,100,100,100,100,100,100,100,100,100,100.0
oe:player:92c21511d7b383b2f8ba5b00c3c9a47,bot,Bull,CBLOL,LOUD,48,2026-01-17 18:27:20,2026-05-26 00:35:59,48,725.2611458333332,0.267279375,0.263523,9.77744375,0.38776875,0.25478958333333335,-303.8541666666667,21.916666666666668,2.5416666666666665,0.10626705737521625,0.0806019186146955,0.14988350171451129,0.6522016932171815,222.18018101961314,0.8305875602723984,0.0567263788261374,1139.6287747497379,48,48,48,48,48,48,48,48,48,48,48,48,48,100.0
oe:player:92f0831b560a15d8be3be25275adb08,jng,Heng,LPL,LGD Gaming,97,2026-01-15 07:12:06,2026-09-08 10:55:45,79,411.48748041237116,0.16944818350515467,0.21423090721649488,7.248477319587629,0.37663402061855666,0.40486391752577316,114.9620253164557,-21.468354430379748,-0.8860759493670886,0.09422695666739835,0.08793322115680165,0.20537010436700426,0.7164398517599959,169.83214289044696,0.8714012240238365,0.060857445654050164,716.2107096314027,97,97,97,97,97,97,79,79,79,97,97,97,97,81.44329896907216
oe:player:946b74bfc34e861b344ae03700af039,jng,Disamis,CBLOL,Vivo Keyd Stars,52,2026-01-17 16:19:20,2026-09-19 17:57:40,52,424.93815,0.16755986923076924,0.21084807692307692,7.284236538461538,0.29386346153846155,0.3451326923076923,-52.98076923076923,-96.21153846153847,0.6346153846153846,0.09330051976311012,0.07813000022306313,0.18553820609955965,0.7344620677307729,164.88938904142114,0.7800656656695065,0.057286213934329575,846.5398196715811,52,52,52,52,52,52,52,52,52,52,52,52,52,100.0
oe:player:95082306f78780da5686f118c993366,bot,Doggo,LCP,CTBC Flying Oyster,79,2026-01-17 06:17:02,2026-08-30 10:26:53,79,799.3961392405063,0.28493950632911397,0.28659806329113924,9.830998734177216,0.4712949367088608,0.4284417721518987,265.253164556962,-166.13924050632912,0.7215189873417721,0.1708712132396202,0.09283149438464058,0.1588494550532407,0.6423498325295619,278.4964395441328,0.8407183635399246,0.06301678779991828,1192.5522884666473,79,79,79,79,79,79,79,79,79,79,79,79,78,100.0
oe:player:95496721c429ee19a2a9bd9c4321e95,mid,Qats,CBLOL,Vivo Keyd Stars,4,2026-02-14 16:11:54,2026-02-14 18:57:03,4,482.30372500000004,0.233689,0.2198945,9.053675,0.515175,0.193975,-1109.25,-524.75,-9.0,0.0925898543671708,0.09504411033233506,0.08589965355441219,0.6666666666666667,98.84421127098189,0.38290326345784387,0.05847260026763777,507.1281067606751,4,4,4,4,4,4,4,4,4,4,4,4,4,100.0
oe:player:9573154ad8bc9459b4c0d940315054f,bot,Viper,LPL,Bilibili Gaming,140,2026-01-15 11:30:15,2026-09-13 12:03:56,113,822.0056364285714,0.28166607857142856,0.2655944571428572,9.911559285714286,0.5940364285714286,0.36844928571428576,172.00884955752213,255.04424778761063,5.893805309734513,0.1579820261482896,0.06991170397075745,0.23144038827924218,0.6609429859221733,255.12002019553472,0.8888817693266147,0.04760302175061923,1018.7789040209507,140,140,140,140,140,140,113,113,113,140,140,140,140,80.71428571428572
oe:player:95d286ec0a5d750d09e848a4e630c56,bot,Noah,LEC,GiantX,50,2026-01-17 17:06:08,2026-06-01 16:56:41,50,689.1351099999999,0.27058744,0.26510392,9.728308,0.484616,0.33521,-230.96,-142.2,-1.76,0.10484977887819774,0.08727940859365269,0.1408111282944307,0.6429716691176266,247.0419482206278,0.7558860061017194,0.05006947380428205,1129.0416011568648,50,50,50,50,50,50,50,50,50,50,50,50,49,100.0
oe:player:95f8d9901ca8878e291552f001f6769,sup,2274,LCP,CTBC Flying Oyster,26,2026-01-17 06:17:02,2026-04-11 11:02:21,26,255.7399076923077,0.08555994615384616,0.0983276576923077,0.8234730769230769,2.111426923076923,0.3487,-31.26923076923077,-50.69230769230769,-4.769230769230769,0.019407187298187318,0.12288316610953756,0.31690899255644633,0.6767219500769641,104.95493381888791,0.19733610629115456,0.07880398877158275,486.33499217657027,26,26,26,26,26,26,26,26,26,26,26,26,25,100.0
oe:player:966e8f61b0847f6059559ed09f8574f,bot,Kojima,CBLOL,KaBuM! Ilha das Lendas,5,2026-09-28 21:04:54,2026-09-30 22:47:59,5,864.5264999999999,0.3192244,0.2868026,9.25828,0.43945999999999996,0.34252,-324.8,-326.2,-11.8,0.1902652827706766,0.11795242194431925,0.19043623228656328,0.7077256077256078,309.14910133187357,0.9552949528810464,0.05645985973921056,924.8246860892068,5,5,5,5,5,5,5,5,5,5,5,5,5,100.0
oe:player:9712524dc88851032bd53054f8b49b4,bot,Hena,"CBLOL, LPL","Ultra Prime, paiN Gaming",53,2026-01-15 07:12:06,2026-09-20 18:46:20,50,706.9115452830189,0.2909939433962264,0.26645713207547167,9.659850943396227,0.4902660377358491,0.31120943396226414,-267.8,-16.52,-2.6,0.09370872922187744,0.07814839887496655,0.15111678342410859,0.6552421461039397,230.3498908226475,0.6950308896352522,0.05404135878339337,1005.7444191914237,53,53,53,53,53,53,50,50,50,53,53,53,53,94.33962264150944
oe:player:97703d326201ee5bfa4694c7a73a2b4,mid,Gloryy,LCP,GAM Esports,28,2026-06-05 09:16:09,2026-08-22 13:02:20,28,595.5294214285714,0.2361979642857143,0.21036967857142858,8.766639285714286,0.5613142857142857,0.31952857142857144,9.928571428571429,-166.0,5.571428571428571,0.12435911308023866,0.08182674305380425,0.21292376812697925,0.7052879914325825,188.4308943814669,1.0237816579790275,0.057001814683553385,906.2093180067882,28,28,28,28,28,28,28,28,28,28,28,28,28,100.0
oe:player:978c38ad839a85b4bdc8d3cd5e2c560,top,zynts,CBLOL,RED Canids,57,2026-03-28 16:14:08,2026-09-26 19:53:47,57,582.495296491228,0.21985894210526316,0.20438463157894737,8.65149298245614,0.48222631578947367,0.16440175438596494,77.85964912280701,137.01754385964912,2.4210526315789473,0.0714764500963872,0.07994163549312039,0.13638868974237303,0.49705775517369133,188.52499118630985,0.8825509011746351,0.04387698451116388,971.2616691447649,57,57,57,57,57,57,57,57,57,57,57,57,57,100.0
oe:player:979d7cbbe1e2a8b55d503047f5c72a0,mid,Hauz,CBLOL,Fluxo W7M,9,2026-01-17 17:20:13,2026-02-03 00:37:28,9,636.2992555555555,0.2524052222222222,0.2254026666666667,9.312344444444443,0.5163555555555556,0.19925555555555555,-494.0,-215.77777777777777,-10.0,0.0902325947131707,0.08220215817516124,0.14195327025692428,0.5975958414554906,151.29272962965794,1.033633467568547,0.060756758715001365,1132.6133497359106,9,9,9,9,9,9,9,9,9,9,9,9,9,100.0
oe:player:97cae9bbdbfe09bafe83c5a7bda0727,sup,Namgung,LCK,HANJIN BRION,93,2026-01-14 11:22:18,2026-08-28 11:40:15,93,253.6695505376344,0.09780167204301075,0.1025992193548387,1.1541924731182795,2.0954258064516127,0.5167268817204301,-31.978494623655912,-18.806451612903224,-0.34408602150537637,0.0238686819962817,0.09806010643043314,0.24877241740065079,0.6700070926409857,127.88075924914914,0.2615385827537062,0.06174706845019136,466.1902713460558,93,93,93,93,93,93,93,93,93,93,93,93,92,100.0
oe:player:97e179ee675d0c4345bcd64089d2218,mid,sinian,LPL,EDward Gaming,15,2026-05-13 09:10:08,2026-08-14 08:06:00,15,529.2485933333334,0.22422606666666667,0.19118493333333333,8.191733333333334,0.40945333333333334,0.18676666666666666,-615.8,-511.46666666666664,-11.333333333333334,0.060273576173989526,0.09910847011932973,0.14676307552090942,0.6365416065416066,141.01341166799128,1.0123813190878697,0.0502439535471771,836.1514046083827,15,15,15,15,15,15,15,15,15,15,15,15,15,100.0
oe:player:98dd15c330fb5abb4508347265a7f76,top,Zeus,LCK,Hanwha Life Esports,99,2026-01-16 10:08:16,2026-09-13 08:19:05,99,647.653395959596,0.2275791212121212,0.19659650505050505,8.236025252525252,0.4407010101010101,0.1528858585858586,111.88888888888889,33.74747474747475,3.606060606060606,0.09631193332939078,0.09303217645377558,0.19602742066240605,0.5608523682201536,204.04892423629383,0.9106560180064223,0.06044798494534568,997.1037537245612,99,99,99,99,99,99,99,99,99,99,99,99,99,100.0
oe:player:99e732def3601275db892c84fb85a0c,sup,Career,LCK,Dplus Kia,120,2026-01-14 11:22:18,2026-09-06 11:11:44,120,225.78290333333334,0.08409398,0.10319015416666666,1.1521933333333334,1.9125208333333332,0.4876166666666667,60.28333333333333,188.64166666666668,3.45,0.02436541389049499,0.0803157001604145,0.3094863169599828,0.7540042869997595,79.36188164604378,0.2670720935411625,0.06653309578482498,453.04273238508836,120,120,120,120,120,120,120,120,120,120,120,120,120,100.0
oe:player:99f0996e8f487ec0633f1920bd4631d,jng,Shini,CBLOL,FURIA,4,2026-09-12 16:11:02,2026-09-12 18:45:22,4,476.752675,0.195824525,0.19929675,7.3739,0.255575,0.39354999999999996,-31.25,171.25,7.0,0.059957830066565534,0.06365260910979821,0.16913171545455505,0.6041666666666666,242.46690649726995,0.4841958901106039,0.03280398533760889,882.9572941730157,4,4,4,4,4,4,4,4,4,4,4,4,4,100.0
oe:player:9c51ed760409db6fa2a02fe8046f110,jng,Curse,CBLOL,"LØS, RED Canids",78,2026-01-17 17:20:13,2026-10-01 22:55:23,78,470.1601153846154,0.1603490576923077,0.18532103846153847,6.4950820512820515,0.29891923076923077,0.3237038461538461,-32.01282051282051,51.11538461538461,-2.141025641025641,0.09636835981321341,0.09279548875840801,0.25862797608265736,0.6889192493076676,173.7578261172911,0.7859020793807319,0.05535006731091818,888.9235792258128,78,78,78,78,78,78,78,78,78,78,78,78,78,100.0
oe:player:9d2474b953a3a0be93880409ccceb4e,bot,Artemis,LCP,GAM Esports,73,2026-01-17 06:17:02,2026-08-22 13:02:20,73,730.2067821917808,0.2805064520547945,0.2827580410958904,10.235205479452054,0.43770821917808217,0.32734931506849313,123.53424657534246,79.34246575342466,-0.2054794520547945,0.14514905804418576,0.07229596849043303,0.1962889455683459,0.7268941685299759,255.83694746742356,0.9786441553227285,0.06467681893481263,1053.055607930662,73,73,73,73,73,73,73,73,73,73,73,73,73,100.0
oe:player:9d361f9d8214252ee571375f9105cb4,sup,frosty,CBLOL,RED Canids,49,2026-01-17 17:20:13,2026-07-26 19:52:51,49,240.76725918367347,0.08267438367346938,0.10689408163265306,1.2277489795918368,2.1803551020408163,0.546334693877551,119.06122448979592,28.020408163265305,3.9183673469387754,0.030010798326972603,0.07806266284199612,0.3378209198501151,0.7401315786493425,101.97520213065674,0.20572702091449663,0.046992784046842456,456.4405039799485,49,49,49,49,49,49,49,49,49,49,49,49,49,100.0
oe:player:9d5052e9f9f4a63835f738441a3b1f6,sup,Mikyx,LEC,SK Gaming,52,2026-01-17 19:07:52,2026-08-29 16:05:12,52,206.16176923076924,0.07639246923076923,0.10436129615384616,1.0813134615384614,2.131267307692308,0.5544711538461539,-42.73076923076923,-112.21153846153847,-0.5192307692307693,0.02168239293231672,0.13270010963297388,0.2767370845666659,0.7389790421232949,75.34323795156985,0.216585627706363,0.0635127383548171,384.932696708756,52,52,52,52,52,52,52,52,52,52,52,52,52,100.0
oe:player:9d5e3b1fd70d1652fc3f5f1a978cd9b,top,Hiro02,LCP,Team Secret Whales,1,2026-01-30 07:01:47,2026-01-30 07:01:47,1,902.5995,0.278736,0.186393,7.7985,0.4232,0.272,931.0,919.0,31.0,0.12090680100755667,0.060453400503778336,0.181360201511335,0.37037037037037035,,,,,1,1,1,1,1,1,1,1,1,1,1,1,1,100.0
oe:player:9d8737d57b1048a8b571856a296b624,top,Keshi,LPL,ThunderTalk Gaming,80,2026-01-19 07:13:41,2026-08-28 10:50:54,66,619.7877025,0.243984425,0.21697521250000001,8.95667125,0.451745,0.1871475,18.015151515151516,-79.71212121212122,3.727272727272727,0.08597782007876414,0.12339493688378593,0.1394385168696725,0.5364718445906769,219.12549146201505,0.8070322279878767,0.06075672264927423,961.2212023082407,80,80,80,80,80,80,66,66,66,80,80,80,80,82.5
oe:player:9d8b079deedcc90dda4617fb4ffac40,sup,TopLop,CBLOL,Leviatan,37,2026-01-17 20:16:54,2026-05-02 16:56:25,37,247.10707297297296,0.09451475405405405,0.1076589135135135,1.2265,1.901554054054054,0.6607324324324324,45.027027027027025,-137.35135135135135,-0.24324324324324326,0.020521249259238965,0.12435414324861432,0.24597716940585976,0.7410716915618315,118.659552856843,0.29999842684772715,0.06581440354700628,370.536809274095,37,37,37,37,37,37,37,37,37,37,37,37,37,100.0
oe:player:9db3f170213f562a9613fe4f99d7dfa,top,Empyros,LEC,Fnatic,38,2026-01-17 16:08:02,2026-05-04 17:01:22,38,510.75139999999993,0.20147941315789475,0.18941573684210525,8.46696052631579,0.49265000000000003,0.15518947368421052,-582.4473684210526,-465.36842105263156,-9.078947368421053,0.05675984792028793,0.0786163449216135,0.13833926517273504,0.48180451582256206,212.61581434842077,0.9251380141127441,0.05735537663611331,1026.3977601397594,38,38,38,38,38,38,38,38,38,38,38,38,38,100.0
oe:player:9fbfcaef69533c0545859880e974572,mid,Heru,LPL,ThunderTalk Gaming,80,2026-01-19 07:13:41,2026-08-28 10:50:54,66,620.69405125,0.24723096249999998,0.20332192500000001,8.49884875,0.46906375,0.2409575,-409.54545454545456,-332.0,-5.893939393939394,0.09612558643025511,0.10747846026303798,0.18484705063066986,0.6465484653881979,178.17190983099525,1.051261982426179,0.05822109007761112,759.6688991683393,80,80,80,80,80,80,66,66,66,80,80,80,80,82.5
oe:player:a04a853a0f540f156d08711204fe252,jng,Armao,LCS,LYON,9,2026-07-25 20:13:30,2026-08-17 00:02:44,9,410.3837555555556,0.14553858888888888,0.18896,7.0945888888888895,0.20077777777777778,0.33673333333333333,-425.3333333333333,-159.11111111111111,-2.111111111111111,0.09028927879246021,0.07122804327117148,0.31888462526002176,0.6783923392905087,205.81338368302306,1.0281742647095924,0.05058944631666401,1223.1490097285775,9,9,9,9,9,9,9,9,9,9,9,9,9,100.0
oe:player:a179853ac2a0832657b9de8b9ba0020,mid,HongQ,LPL,JD Gaming,139,2026-01-14 12:37:55,2026-09-05 13:20:43,110,710.6753158273382,0.2638828028776979,0.21337029496402876,8.799389928057554,0.5997956834532374,0.2445546762589928,192.76363636363635,92.08181818181818,-0.03636363636363636,0.11265000816917271,0.0870552002170333,0.197356623251707,0.6770243217415344,210.38733602229348,0.9726193281207467,0.058632912185193405,772.4567019993549,139,139,139,139,139,139,110,110,110,139,139,139,139,79.13669064748201
oe:player:a22a6d1fe8786cf83675e2d932fbffe,jng,JunJia,LPL,JD Gaming,133,2026-01-14 12:37:55,2026-09-05 13:20:43,107,450.581807518797,0.16754299548872179,0.20266928571428572,7.113521804511278,0.4200864661654135,0.39010526315789473,16.476635514018692,162.55140186915887,4.91588785046729,0.09231467802798526,0.09552045337649885,0.22983370887239493,0.7001304872898971,161.6414880734961,0.7995776321907396,0.06728158435778986,833.7615756407755,133,133,133,133,133,133,107,107,107,133,133,133,133,80.45112781954887
oe:player:a2357eb17578485c2ba736db36cbc42,jng,Pyosik,LCK,DN SOOPers,68,2026-01-14 08:13:43,2026-05-30 08:58:01,68,394.73161470588235,0.15246678676470587,0.1978395588235294,6.762105882352941,0.4440411764705883,0.4439720588235294,-154.08823529411765,-56.0735294117647,-0.7205882352941176,0.08591600999395507,0.10811933375680578,0.18496379469306565,0.7280346476658529,161.36239902523968,0.7327781884019996,0.0630423585732454,626.1065842050369,68,68,68,68,68,68,68,68,68,68,68,68,67,100.0
oe:player:a23b45071ea855f85e43db4b5a1683d,jng,Monki,LPL,Team WE,124,2026-01-16 11:10:15,2026-09-06 08:54:18,111,458.7910685483871,0.17351534516129033,0.2058599677419355,6.932347580645161,0.3493782258064516,0.425783064516129,-165.17117117117118,-198.93693693693695,-4.54954954954955,0.09648695233570873,0.1361198220886964,0.20673769937964528,0.7063615499165334,183.38934612104768,0.9157541308700068,0.07359163644401255,829.4979190491063,124,124,124,124,124,124,111,111,111,124,124,124,124,89.51612903225806
oe:player:a2d7b8856032bf106783621b9afeb41,sup,Lyonz,LCS,Disguised,47,2026-01-24 23:14:34,2026-09-06 22:34:24,47,199.54616170212765,0.08131223829787235,0.09743100638297872,1.0075170212765956,1.8278808510638298,0.38638510638297874,-197.06382978723406,-143.59574468085106,-0.0851063829787234,0.013278156625373645,0.09875730298239262,0.2184800220987622,0.7137928395194315,75.43363955951918,0.2151453101663768,0.062112107125278926,397.13547158836053,47,47,47,47,47,47,47,47,47,47,47,47,46,100.0
oe:player:a2de87eae98d0ab3b85567026561a51,jng,Dardoch,LCS,Dignitas,11,2026-08-09 20:08:29,2026-09-05 22:48:43,11,328.80823636363635,0.15281054545454545,0.20624818181818183,7.165136363636364,0.38520909090909095,0.2644090909090909,-294.45454545454544,-133.0,-1.0,0.03602705197882025,0.13607612054197865,0.13323234315507101,0.7982683982683983,126.21047735894412,0.7058537982793989,0.06158919870077206,600.3747768912954,11,11,11,11,11,11,11,11,11,11,11,11,11,100.0
oe:player:a408b9f6a7b5f82bfac03a88e026986,jng,SofM,LCP,MVK Esports,3,2026-02-06 06:21:07,2026-02-08 10:25:21,3,368.8286666666667,0.15224966666666664,0.216201,7.214266666666667,0.5845666666666667,0.4253,438.3333333333333,-135.0,-6.666666666666667,0.050746435424326886,0.0810330029655102,0.1018989393244043,0.7032967032967034,112.01793394458467,0.4136602752662306,0.02783153456962301,349.5773638743409,3,3,3,3,3,3,3,3,3,3,3,3,3,100.0
oe:player:a41eb80b5f23627fc710cc41c516e49,bot,LazyFeel,LCK,Kiwoom DRX,41,2026-04-04 10:30:33,2026-07-29 08:53:53,41,739.3524048780488,0.26874831707317076,0.26548002439024393,9.660470731707317,0.3715926829268293,0.30795609756097564,-559.1951219512196,-216.21951219512195,-9.512195121951219,0.10714609739223614,0.11865278852230668,0.17265293389365613,0.6252398438202259,241.5382590959214,0.7997308176017429,0.07448483572503005,819.2334899011452,41,41,41,41,41,41,41,41,41,41,41,41,41,100.0
oe:player:a47f435a46e32d2567f7af69f9dc20d,mid,XiaoXiang,LCP,Deep Cross Gaming,1,2026-05-16 09:16:45,2026-05-16 09:16:45,1,801.5634,0.240015,0.228247,9.2946,0.5148,0.0572,367.0,164.0,1.0,0.02859866539561487,0.11439466158245948,0.14299332697807435,0.42857142857142855,,,,,1,1,1,1,1,1,1,1,1,1,1,1,1,100.0
oe:player:a52945dbe283de2f7e9d63ca3417f36,bot,Leave,LPL,EDward Gaming,78,2026-01-16 11:10:15,2026-08-28 08:03:38,64,758.2083525641026,0.2970987820512821,0.280338358974359,10.039426923076922,0.36653846153846154,0.3444448717948718,73.296875,-4.0,0.234375,0.09857896777978736,0.0958763841115698,0.14759238119453064,0.6718776334354675,222.5920276760211,1.0466179657109136,0.055893619559284846,991.5839129887172,78,78,78,78,78,78,64,64,64,78,78,78,77,82.05128205128204
oe:player:a58a0d41103cdc5b58cbb547eeaca2d,bot,Elk,LPL,Weibo Gaming,100,2026-01-14 09:13:04,2026-08-19 09:06:07,81,821.874876,0.29471488,0.28361678,9.784125,0.40867,0.39883899999999994,74.22222222222223,11.160493827160494,-0.30864197530864196,0.1405677019805119,0.08953548005723035,0.1580379350698334,0.6897657990304162,298.5878189668866,0.8257625268700608,0.04811767728787633,996.3898458936642,100,100,100,100,100,100,81,81,81,100,100,100,100,81.0
oe:player:a5a0a92da1f12d481f7e1699e638000,mid,Mago,CBLOL,LOUD,12,2026-01-17 18:27:20,2026-02-08 19:56:27,12,560.881,0.2240555,0.20931200000000003,9.296225,0.5578583333333333,0.13417500000000002,-642.0,-382.9166666666667,-3.9166666666666665,0.07526689996209243,0.09983693758223794,0.12841953825514743,0.567789222541292,153.30483629044454,0.7065767038397817,0.0661247184020283,821.4147440959298,12,12,12,12,12,12,12,12,12,12,12,12,12,100.0
oe:player:a5a630a5d4f0d3151f3c98d2d98834b,sup,Telas,CBLOL,Estral Esports,6,2026-09-29 21:04:45,2026-10-01 22:55:23,6,303.5367333333333,0.09480383333333332,0.12192750000000001,1.2275333333333334,1.8288499999999999,0.4141166666666667,815.8333333333334,830.3333333333334,5.666666666666667,0.05552371272159429,0.08420210299256937,0.47478304819273115,0.6845648604269293,109.19567781220402,0.416460853702562,0.0785028004863423,1054.9389397811924,6,6,6,6,6,6,6,6,6,6,6,6,6,100.0
oe:player:a62b7767388e9ede229669deba7d736,jng,Tyrion,LPL,Team WE,4,2026-04-22 09:14:11,2026-04-25 10:18:37,4,428.087325,0.17457699999999998,0.2008185,5.65665,0.49807500000000005,0.313625,-994.75,-1220.75,-25.5,0.06595023984757689,0.15554211976775256,0.13117445500398223,0.9035714285714286,79.58041654935695,0.9282232687595516,0.05111289479549415,899.3943795688297,4,4,4,4,4,4,4,4,4,4,4,4,4,100.0
oe:player:a66db93c9f417a2500c24e689ba0ccc,mid,cody,CBLOL,Fluxo W7M,46,2026-03-29 17:59:21,2026-08-29 19:36:38,46,617.6371347826087,0.25391102173913044,0.21638658695652174,8.806947826086956,0.6513586956521739,0.2122521739130435,-48.391304347826086,61.43478260869565,-4.260869565217392,0.08971534967247467,0.0766912916293626,0.14572182177103168,0.6495282616397651,196.95468764425223,0.9953194910265701,0.06036763102849565,973.7497848411884,46,46,46,46,46,46,46,46,46,46,46,46,46,100.0
oe:player:a672b5bc1c212a6922418fad18734c1,mid,Envy,CBLOL,"Estral Esports, LOUD",42,2026-02-21 16:10:18,2026-10-01 22:55:23,42,686.9114166666667,0.24373835714285716,0.20537138095238094,8.338128571428571,0.36228571428571427,0.14293333333333333,33.69047619047619,-55.30952380952381,-4.285714285714286,0.11740251123712721,0.07707935385554421,0.15147005189791135,0.6171548752359922,186.26316761281987,0.6920752790316167,0.04317785815384996,778.8660765965728,42,42,42,42,42,42,42,42,42,42,42,42,42,100.0
oe:player:a68581f40d30119bad63673b157e660,jng,Velja,LEC,Los Ratones,11,2026-01-17 16:08:02,2026-02-08 15:53:10,11,418.0947272727273,0.15837873636363636,0.18203618181818182,6.3058,0.2692545454545454,0.38558181818181825,-358.6363636363636,-520.1818181818181,-11.181818181818182,0.09182800595677051,0.09928776785660026,0.1333722152985288,0.6879919323101141,221.89660489780408,0.686059469725475,0.05697307828869482,575.5055643045118,11,11,11,11,11,11,11,11,11,11,11,11,11,100.0
oe:player:a6ecfc61cbbde3dc4a88a431219809b,sup,Ux,CBLOL,9z Globant,3,2026-09-29 21:04:45,2026-09-29 22:38:59,3,183.0566666666667,0.07100776666666667,0.08755043333333334,0.9954666666666666,1.4570333333333334,0.3618666666666666,-1343.3333333333333,-1659.3333333333333,-2.6666666666666665,0.009537434430138292,0.21419704087632616,0.11445000034931452,0.39166666666666666,39.731084596866125,0.35252803198232807,0.04210139791132529,1337.2529055243565,3,3,3,3,3,3,3,3,3,3,3,3,3,100.0
oe:player:a7128975a782c11d8c34525be8e1b6c,sup,Erha,LPL,"Team WE, Weibo Gaming",141,2026-01-14 09:13:04,2026-09-06 08:54:18,122,212.60481134751774,0.08136120567375887,0.10516863049645389,1.031913475177305,1.9803595744680853,0.4561588652482269,-17.147540983606557,-111.09016393442623,-1.9098360655737705,0.02124452896263647,0.11024076379236657,0.3131302169112619,0.7638833305393657,84.9282212537548,0.20935734325374275,0.06664551229566683,421.9314243003062,141,141,141,141,141,141,122,122,122,141,141,141,141,86.52482269503547
oe:player:a7b51467f09577883d7150f37393964,jng,naiyou,LPL,Top Esports,43,2026-01-14 12:37:55,2026-03-02 12:52:33,32,459.2566697674418,0.15729372790697674,0.20382890697674416,7.080602325581395,0.363006976744186,0.4361302325581395,-144.21875,-143.1875,-0.90625,0.11230362140689655,0.12267535808619139,0.20698119624131794,0.6759988329146782,168.2899293522266,0.794906971942052,0.0641884925473789,773.1245250604846,43,43,43,43,43,43,32,32,32,43,43,43,43,74.4186046511628
oe:player:a8307167f3a1c933295bb9e3d43700e,jng,Inspired,LCS,LYON,65,2026-01-25 23:15:54,2026-09-26 22:35:31,65,382.74820307692306,0.14469412923076921,0.2055268,7.603030769230769,0.3017523076923077,0.3301523076923077,174.75384615384615,418.67692307692306,7.230769230769231,0.0928114584831693,0.049815526017613944,0.2015540549483425,0.6805732131023272,155.71296853309332,0.6652815792305252,0.046082096234259295,649.3319892100945,65,65,65,65,65,65,65,65,65,65,65,65,64,100.0
oe:player:a9cfbc13e22eefdd22af7b346ce2af4,sup,Parus,LEC,Natus Vincere,75,2026-01-17 18:08:00,2026-09-18 18:12:05,75,198.40433733333333,0.079582836,0.10064960666666667,1.0327453333333334,2.22256,0.511056,-14.933333333333334,-1.7333333333333334,-1.0533333333333332,0.020102538483392593,0.09623376955100223,0.28481414660750787,0.7538883774808753,87.48553459333314,0.1975264096563082,0.05929171349405541,375.57035304998465,75,75,75,75,75,75,75,75,75,75,75,75,75,100.0
oe:player:aad3806ef26a116c73b11efa07e9bd8,top,Flandre,LPL,"Anyone's Legend, Bilibili Gaming",96,2026-01-15 09:26:10,2026-08-23 14:45:43,74,578.2369447916667,0.20965903958333332,0.19876090625,8.67761875,0.455721875,0.21008229166666667,-103.74324324324324,-16.324324324324323,-1.837837837837838,0.08287326563626436,0.07340451353189047,0.1794677200040268,0.5058655952925107,187.73387223725078,0.9546162225084573,0.0521265956193645,878.829795742741,96,96,96,96,96,96,74,74,74,96,96,96,96,77.08333333333334
oe:player:ab15060e5225b51592cd04b3aed1e09,jng,SkewMond,LEC,G2 Esports,89,2026-01-17 21:08:03,2026-09-20 17:13:10,89,487.03298539325846,0.1803252595505618,0.20864211235955055,7.40101011235955,0.3714505617977528,0.41341123595505613,290.82022471910113,459.8988764044944,7.168539325842697,0.12494856486413321,0.06307823671594572,0.21562546510226258,0.6922065763225577,148.0606118114098,0.734006934579105,0.048796534363313784,813.446212137507,89,89,89,89,89,89,89,89,89,89,89,89,89,100.0
oe:player:ab2455e33b8ddb6a9d2d41107a2ed4f,sup,Hang,LPL,Weibo Gaming,27,2026-04-04 09:31:10,2026-05-02 11:08:56,27,240.19354444444446,0.08906387777777779,0.10323187037037036,1.0487222222222223,1.9786333333333332,0.3881740740740741,-90.11111111111111,59.407407407407405,1.6296296296296295,0.013460123852155318,0.11282489672201317,0.29360870665841504,0.7698310263125079,81.49932697805798,0.21338769039065122,0.0551095461932305,319.82198574222906,27,27,27,27,27,27,27,27,27,27,27,27,27,100.0
oe:player:acb3a05894b7c57412b2d7e911e17dd,sup,Kino,LCP,CTBC Flying Oyster,53,2026-04-18 09:26:51,2026-08-30 10:26:53,53,170.54051509433964,0.06313698301886791,0.1024119,0.9930924528301887,2.1029301886792453,0.4285698113207547,-51.264150943396224,-165.52830188679246,-1.6603773584905661,0.019524148986559808,0.11182996329671596,0.33615396796572206,0.6864694367971197,74.32932162406186,0.21916748061090052,0.06175105208563122,464.2141478200384,53,53,53,53,53,53,53,53,53,53,53,53,53,100.0
oe:player:ad173d59265cf2cbe796b2af2554da3,jng,Citrus,LCP,DetonatioN FocusMe,46,2026-01-17 08:21:31,2026-08-15 11:12:07,46,417.81820000000005,0.17610003478260872,0.20332356521739128,6.434106521739131,0.4970586956521739,0.4037826086956522,-446.82608695652175,-599.0652173913044,-8.565217391304348,0.060618539666816476,0.1442266718219009,0.13793571451757974,0.6624226904547271,132.88470696243584,0.7567235762452563,0.0649947190408003,793.6155605650725,46,46,46,46,46,46,46,46,46,46,46,46,46,100.0
oe:player:ae770d2c942cee6dbcfbd1832015231,mid,tinowns,CBLOL,paiN Gaming,14,2026-01-17 16:19:20,2026-02-03 23:57:28,14,587.3237499999999,0.22547607142857143,0.20039800000000002,8.254,0.46905714285714284,0.24840714285714285,-416.92857142857144,-232.0,-11.5,0.08743146711440422,0.10279912763387096,0.19122005642836445,0.675820362930411,161.67771002553553,0.5800738467577273,0.0595509867548101,585.7974793503184,14,14,14,14,14,14,14,14,14,14,14,14,14,100.0
oe:player:b0ec3df39d61f953e7af0afd8eb8c4a,sup,Kellin,LCK,BNK FEARX,111,2026-01-15 10:15:24,2026-09-03 11:59:51,111,227.5456936936937,0.08236331531531532,0.10370738558558559,0.9506261261261261,2.0401963963963965,0.4127198198198198,0.4774774774774775,-21.71171171171171,-1.2162162162162162,0.023995072985314184,0.08931102080928513,0.3408019939786372,0.7615196644374528,90.86568220941308,0.23319827564921178,0.0695342004338975,481.61421465821763,111,111,111,111,111,111,111,111,111,111,111,111,111,100.0
oe:player:b137ce57a15794ffac86eaeff085326,jng,Boukada,LEC,Shifters,28,2026-01-17 17:06:08,2026-04-26 17:21:11,28,319.5505642857143,0.12818559999999998,0.1770095714285714,6.132889285714286,0.2779892857142857,0.3755321428571428,-401.67857142857144,-180.39285714285714,-3.2857142857142856,0.05611310242115612,0.10114076644792748,0.19247891491965183,0.6712423021288014,96.21119047061391,0.5730003253436382,0.05139651521579479,891.7358043215461,28,28,28,28,28,28,28,28,28,28,28,28,28,100.0
oe:player:b4179fdeda1242fcd94b82a5710dd3e,bot,Duduhh,CBLOL,LØS,87,2026-01-17 19:25:07,2026-10-01 22:55:23,87,769.3308678160919,0.2695593678160919,0.27478377011494254,9.623879310344828,0.4119528735632184,0.2529586206896552,340.04597701149424,235.4367816091954,4.896551724137931,0.16295243590999664,0.07710832151225921,0.15759856154281507,0.6360975272001143,263.8394076129805,0.9626311684875495,0.04949592089122206,961.0875853421186,87,87,87,87,87,87,87,87,87,87,87,87,87,100.0
oe:player:b49867477e266c5da8e995074e18f80,jng,Daglas,LEC,Team Heretics,25,2026-04-19 16:58:43,2026-08-30 14:51:48,25,375.01787600000006,0.15979137999999998,0.20076128000000001,7.091836,0.28176,0.42198399999999997,-196.64,-188.24,-2.96,0.04331699729190988,0.10125971478861881,0.1209444346283961,0.6792640692640692,131.03742313734995,0.7445847320710607,0.05319887071752186,548.2805607837408,25,25,25,25,25,25,25,25,25,25,25,25,25,100.0
oe:player:b61e517b1a6027160aafaf56e9867c0,jng,Wei,LPL,Invictus Gaming,116,2026-01-14 09:13:04,2026-09-12 13:07:02,84,479.4559586206896,0.1707543551724138,0.2056414224137931,6.744801724137932,0.4364724137931035,0.38807672413793104,145.58333333333334,-96.23809523809524,-0.34523809523809523,0.10629499024563706,0.1038341132923212,0.23267452919714027,0.7350242005487098,156.73254780179212,0.7510044949767362,0.0689765530038167,736.3282434678937,116,116,116,116,116,116,84,84,84,116,116,116,116,72.41379310344827
oe:player:b6603b64c5cabad210826735469838b,top,Cube,LPL,Team WE,128,2026-01-16 11:10:15,2026-09-06 08:54:18,115,550.29975234375,0.21232515390625,0.192433484375,8.3042234375,0.48802109375,0.1756796875,-319.2,-219.96521739130435,-5.939130434782609,0.05625691044774757,0.09899197042982102,0.1597845883365235,0.48879946423316556,206.81741910916892,1.0302141593338874,0.05761094382619205,817.7138027194445,128,128,128,128,128,128,115,115,115,128,128,128,128,89.84375
oe:player:b6c18d4d98745c100d8234a673b0c8a,mid,Aloned,CBLOL,9z Globant,3,2026-09-29 21:04:45,2026-09-29 22:38:59,3,864.5312666666667,0.3165556666666667,0.24739466666666665,8.4453,0.37123333333333336,0.24736666666666665,-1284.6666666666667,-660.0,-6.333333333333333,0.11924948348190025,0.19998239979601343,0.06184106858362604,0.6972222222222223,211.81394804236416,1.0584851203488885,0.024533096064420345,1096.2555967169944,3,3,3,3,3,3,3,3,3,3,3,3,3,100.0
oe:player:b6f837c8bd1b510dd3f77ee8c903c30,sup,Ignar,LCS,Dignitas,39,2026-01-31 23:09:01,2026-09-05 22:48:43,39,172.04031025641027,0.0725482564102564,0.10084558205128205,0.9877487179487179,1.8518051282051282,0.39136410256410253,-214.64102564102564,-250.7948717948718,-1.0256410256410255,0.012020571753132153,0.08918576428620748,0.2149225066412055,0.7523290065333805,65.39437184527668,0.22763634765702265,0.05663881536094879,358.4394896580018,39,39,39,39,39,39,39,39,39,39,39,39,39,100.0
oe:player:b777313deced54da2d2c1aa88f52e50,sup,fengyue,LPL,"Ninjas in Pyjamas, Top Esports",112,2026-01-14 12:37:55,2026-09-06 13:43:30,88,211.86086339285717,0.07573712053571428,0.10437744196428571,1.0402910714285716,2.0534392857142856,0.4123258928571429,-40.55681818181818,6.840909090909091,0.3068181818181818,0.023395654864500466,0.11118999689494294,0.3575319276836425,0.745042342930807,75.37952814308682,0.23472239250055385,0.06748386595605715,484.9299477304445,112,112,112,112,112,112,88,88,88,112,112,112,112,78.57142857142857
oe:player:b7a3b6176406a92dd089fe2f82a1d3f,mid,Dire,LCP,Team Secret Whales,79,2026-01-16 06:23:26,2026-08-30 10:26:53,79,708.1346670886077,0.2338811772151899,0.20574299999999998,8.902855696202531,0.4098,0.24798734177215193,65.43037974683544,-45.74683544303797,-0.9746835443037974,0.16034753376437247,0.07150355573838081,0.2601294711543994,0.6609204594065557,209.18238744513323,1.1337650849641665,0.05581035931088492,782.2555435888551,79,79,79,79,79,79,79,79,79,79,79,79,79,100.0
oe:player:baf26814ef7b2f10fac33a00c3d53a3,jng,Willer,LCK,Kiwoom DRX,96,2026-01-15 08:05:23,2026-08-22 12:30:01,96,436.71951458333336,0.15756580520833333,0.1995685625,6.795163541666667,0.4107,0.37990104166666666,-134.79166666666666,-48.072916666666664,-1.1458333333333333,0.09455977419958884,0.11283227179988331,0.22115210971891053,0.7110409429461525,165.78344405797012,0.7845651950528886,0.07110479635182528,791.4757424439446,96,96,96,96,96,96,96,96,96,96,96,96,96,100.0
oe:player:bb6ac5763c6576e104a7a2f59eb4ddf,sup,Labrov,LEC,G2 Esports,89,2026-01-17 21:08:03,2026-09-20 17:13:10,89,225.346302247191,0.08195973483146067,0.10420622022471909,0.9687258426966292,1.8462898876404492,0.44474044943820223,117.04494382022472,54.31460674157304,-0.7303370786516854,0.02768040305001456,0.09532457225604896,0.32908471052862265,0.7060668803520533,94.79820393185439,0.20435526136435334,0.05706508011799964,438.02181634418935,89,89,89,89,89,89,89,89,89,89,89,89,89,100.0
oe:player:bc4f68ea698f26bb1e2f6d34f900f57,bot,SamD,LEC,Natus Vincere,75,2026-01-17 18:08:00,2026-09-18 18:12:05,75,710.2337266666666,0.28130698666666665,0.28583124,10.557778666666666,0.474052,0.397804,104.74666666666667,151.41333333333333,1.36,0.11370125087711429,0.07695107755885844,0.14107131945679696,0.6212976211278854,206.88731107079758,0.7658205153303881,0.04592269230241122,917.7645004020359,75,75,75,75,75,75,75,75,75,75,75,75,75,100.0
oe:player:bc5b7cd82bc9e26b3bbdeddeb73c7d8,jng,Booki,CBLOL,Leviatan,51,2026-01-17 20:16:54,2026-08-30 20:07:25,51,332.77791960784316,0.1314304843137255,0.18413598039215687,6.2389921568627456,0.29880980392156864,0.3942098039215686,-398.01960784313724,-460.29411764705884,-8.803921568627452,0.05705683262679671,0.11295609942498888,0.1700275008826167,0.6687818539038916,128.85205294355697,0.5897610898806863,0.05278447795817306,823.743564228482,51,51,51,51,51,51,51,51,51,51,51,51,51,100.0
oe:player:bcd61ebb24698511281a624595bb2f7,bot,Hazel,LEC,Karmine Corp Blue,11,2026-01-17 20:06:09,2026-02-08 16:47:25,11,723.0303272727273,0.27587918181818183,0.2646778181818182,9.734618181818181,0.41787272727272734,0.2880090909090909,-961.0,-158.36363636363637,-7.090909090909091,0.07475010689430785,0.09103289791421099,0.12861415424144937,0.5563050585777858,242.41396811506183,0.6817806638768535,0.04930614810820728,1178.0656178668487,11,11,11,11,11,11,11,11,11,11,11,11,11,100.0
oe:player:bd6a2e6aaeb993fd29f43790265297f,mid,Ucal,LCK,Kiwoom DRX,96,2026-01-15 08:05:23,2026-08-22 12:30:01,96,662.3996416666666,0.24239720833333334,0.22563601041666667,9.395319791666667,0.41701875,0.20568020833333334,-127.11458333333333,-70.6875,-2.3645833333333335,0.12232765223249847,0.08303383635530101,0.16875018700089395,0.6659833710981241,213.61498264346469,0.9066412534438701,0.06494644856485375,799.3534607127868,96,96,96,96,96,96,96,96,96,96,96,96,96,100.0
oe:player:bda7cc061d7a1576f1dcad33dd505cd,sup,Meiko,LPL,Invictus Gaming,73,2026-04-04 07:13:58,2026-09-12 13:07:02,60,248.71294794520549,0.08737629452054795,0.10899284383561644,1.0656438356164384,1.8071164383561644,0.45332328767123287,86.6,167.71666666666667,-2.05,0.026258346329402497,0.10232538680898774,0.36486514444466234,0.7522009000826064,88.93019499029545,0.24386611592469098,0.06757019931591822,486.45672199372615,73,73,73,73,73,73,60,60,60,73,73,73,73,82.1917808219178
oe:player:be17beb4d906e22fa6995e17060ebd3,bot,Slayer,LCK,BNK FEARX,2,2026-04-30 11:13:48,2026-04-30 12:08:17,2,699.9988,0.326502,0.25473999999999997,9.7833,0.33089999999999997,0.467,100.0,267.5,3.5,0.04677754677754677,0.14880083061901242,0.08007962553417099,0.44999999999999996,259.38204084569924,0.7621196887628608,0.010075317470705971,605.2834046956847,2,2,2,2,2,2,2,2,2,2,2,2,2,100.0
oe:player:be9758f87345bcce47970a8f17b3c07,top,Oscarinin,LEC,GiantX,33,2026-08-01 15:08:25,2026-09-11 18:51:32,33,591.2564000000001,0.22566815454545455,0.19909072727272728,8.210751515151514,0.33492727272727274,0.16488787878787878,-191.0,-371.1212121212121,-8.787878787878787,0.06665113241233173,0.09023847974992401,0.14823921375861476,0.5790173754745946,291.6045698523012,0.8198086656048212,0.044754528888623135,1011.6015458173242,33,33,33,33,33,33,33,33,33,33,33,33,33,100.0
oe:player:beea9fe15bff6a7ab0b3913d3d5fde6,mid,Xiaohu,LPL,Weibo Gaming,100,2026-01-14 09:13:04,2026-08-19 09:06:07,81,626.05915,0.22851363,0.20796959,8.668813,0.417622,0.271851,-182.11111111111111,-124.66666666666667,-2.8518518518518516,0.09321609418382888,0.08721224325681963,0.1825363287490623,0.638705308979763,188.92665542908048,0.8974337929104161,0.056633358983100644,757.5600471249786,100,100,100,100,100,100,81,81,81,100,100,100,100,81.0
oe:player:c145139d26813639b8fe6f4d0b28228,bot,Massu,LCS,FlyQuest,70,2026-01-25 21:13:51,2026-09-25 23:27:30,70,728.1675157142857,0.27136828571428573,0.25833147142857144,9.470645714285714,0.38574571428571425,0.24713142857142856,-93.45714285714286,209.44285714285715,2.2285714285714286,0.12426167994952222,0.08737386210370837,0.16228594429672882,0.6765437904973749,293.52791709174767,0.8840105453311791,0.0650149906296378,1018.430131584516,70,70,70,70,70,70,70,70,70,70,70,70,70,100.0
oe:player:c2247726b5c15c6b06022f64d4a080a,top,curty,CBLOL,Fluxo W7M,39,2026-01-17 17:20:13,2026-05-30 19:31:22,39,549.0194692307692,0.20961969230769228,0.1902366923076923,7.988194871794872,0.38914871794871797,0.1560051282051282,-546.3846153846154,-297.84615384615387,-14.974358974358974,0.061235539605748,0.10422787635298868,0.13421586979444142,0.49350860360852383,196.2058798477496,0.6854948120455986,0.05542912106251967,828.3513942697653,39,39,39,39,39,39,39,39,39,39,39,39,39,100.0
oe:player:c332dc879e14f1feb266190c7f396fd,jng,Shad0w,LCP,CTBC Flying Oyster,79,2026-01-17 06:17:02,2026-08-30 10:26:53,79,523.8289417721519,0.1861082670886076,0.20975948101265823,7.046729113924051,0.38572405063291143,0.40644303797468356,106.81012658227849,62.81012658227848,2.4683544303797467,0.12225474012736678,0.10552250531031088,0.2513585760690678,0.7258054959953341,198.15066820582004,0.8644183199318602,0.06883989713669604,808.2115912967312,79,79,79,79,79,79,79,79,79,79,79,79,78,100.0
oe:player:c4d64ae9f01ee43ec2367d28eeadbea,mid,Chika,LCP,MVK Esports,42,2026-04-04 11:24:09,2026-08-29 10:44:32,42,618.3176571428571,0.24188345238095238,0.21572604761904762,8.547557142857144,0.48893571428571425,0.18927142857142856,-211.9047619047619,-148.85714285714286,-7.761904761904762,0.11957358450830398,0.08643279378444187,0.16465740815579774,0.6540639321063926,229.351812065385,1.012291114530544,0.060551662175046386,885.4382354276661,42,42,42,42,42,42,42,42,42,42,42,42,41,100.0
oe:player:c54e1090ef1faa736b12493051c4855,bot,JackeyLove,LPL,Top Esports,84,2026-04-04 07:13:58,2026-09-05 10:08:34,66,802.8174035714286,0.27962548809523813,0.2641350119047619,9.770617857142858,0.36896309523809523,0.3923238095238095,-137.22727272727272,-203.9848484848485,0.9090909090909091,0.149686703597914,0.0962963745981217,0.18668775088529024,0.6507466551733329,247.40369408857342,0.7877116554215249,0.06445210416656479,884.5254059134162,84,84,84,84,84,84,66,66,66,84,84,84,84,78.57142857142857
oe:player:c62a5235ad6bc113a1e64eb0e9aa8c8,bot,Hans Sama,LEC,G2 Esports,89,2026-01-17 21:08:03,2026-09-20 17:13:10,89,769.404591011236,0.2808124337078652,0.27467393258426964,10.222078651685393,0.4456224719101124,0.3777314606741573,343.4157303370786,231.2808988764045,8.02247191011236,0.1399003471246518,0.05784314337252987,0.15872615661118858,0.5829649458915083,262.2636848158533,0.7888273318194761,0.04464356466777646,1051.2129445310995,89,89,89,89,89,89,89,89,89,89,89,89,89,100.0
oe:player:c7319736816efe935787b4381c6f321,bot,Gumayusi,LCK,Hanwha Life Esports,99,2026-01-16 10:08:16,2026-09-13 08:19:05,99,781.0317161616161,0.27399151515151515,0.27130848484848485,10.169671717171717,0.5164676767676768,0.37551717171717175,-10.404040404040405,79.79797979797979,3.757575757575758,0.13498527053676113,0.09329789785139224,0.2219305759426028,0.6704664459581717,242.82812831446077,0.7872331840888663,0.060193216651966905,929.9619689304385,99,99,99,99,99,99,99,99,99,99,99,99,99,100.0
oe:player:c78788a736a0c7e5a77890144fd2986,sup,Quantum,LCK,DN SOOPers,8,2026-04-18 10:19:42,2026-05-01 08:58:55,8,208.057825,0.0955572375,0.099264325,1.0748,1.8660125,0.4654875,-223.0,-279.875,-2.5,0.007736935603719037,0.1264616200266319,0.15368961550086233,0.8139957264957265,78.80617124204625,0.14558686165212262,0.053715040046281436,337.68201441169896,8,8,8,8,8,8,8,8,8,8,8,8,8,100.0
oe:player:c7c0cc0b057c316e22af5c5da55c0c8,sup,Guigs,CBLOL,KaBuM! Ilha das Lendas,5,2026-09-28 21:04:54,2026-09-30 22:47:59,5,199.39542,0.07491436,0.1095824,1.16602,1.80926,0.45354,-126.6,207.2,2.2,0.016075016744809108,0.11430618396763723,0.40857423271983456,0.7579087579087579,53.64033479110659,0.21941783655847122,0.04336231037786719,914.3515735208204,5,5,5,5,5,5,5,5,5,5,5,5,5,100.0
oe:player:c88cada1696defe81464925789aa6d8,sup,Ceos,"CBLOL, LCS","Shopify Rebellion, paiN Gaming",52,2026-01-25 21:13:51,2026-09-20 18:46:20,52,194.39717115384613,0.07529158461538461,0.09783797884615385,1.0088269230769231,1.5532750000000002,0.44548461538461537,-132.34615384615384,-181.59615384615384,-0.7692307692307693,0.013634937367246818,0.1052070994852669,0.26061302632776506,0.7336151369131206,100.2190104487722,0.19677602288516705,0.07396352810123442,440.86718842306044,52,52,52,52,52,52,52,52,52,52,52,52,52,100.0
oe:player:c942f21cd85aaf8d7892aa712e3e2ce,top,Frog,LCK,Kiwoom DRX,19,2026-07-29 08:05:41,2026-08-22 12:30:01,19,552.2513684210526,0.22475793684210527,0.19306263157894737,8.005294736842107,0.4969789473684211,0.1972842105263158,-220.47368421052633,-300.7368421052632,-7.105263157894737,0.07410368301106521,0.08579298950964775,0.13159692153866112,0.5301735682742548,201.37376476275557,0.6806790828721337,0.0482820231386274,675.1131895567219,19,19,19,19,19,19,19,19,19,19,19,19,19,100.0
oe:player:ca187ee49dd3e9ed20eaacbbf484fdf,mid,Pout,LCP,CTBC Flying Oyster,53,2026-04-18 09:26:51,2026-08-30 10:26:53,53,663.9058547169811,0.24751181132075473,0.21239149056603773,8.803552830188679,0.44402641509433965,0.21399245283018867,-54.16981132075472,30.547169811320753,0.1509433962264151,0.12780021450622311,0.08713789366886317,0.19410847859364913,0.6046049105374882,172.72537402299324,0.7850118520917561,0.05419204993160011,831.5399230863796,53,53,53,53,53,53,53,53,53,53,53,53,53,100.0
oe:player:ca9701f085966dfca32e31b1b1e9d55,jng,Lyncas,LEC,Team Vitality,78,2026-01-17 19:07:52,2026-09-12 18:48:25,77,424.8215038461538,0.14666847435897437,0.18851132051282052,6.639207692307693,0.3224102564102564,0.3163948717948718,-171.05194805194805,-412.75324675324674,-6.792207792207792,0.09186733471360202,0.07696539776461582,0.19438777230304136,0.6475870159359552,174.39421552168372,0.8017348405087024,0.05618868011302065,755.1783145321218,78,78,78,78,78,78,77,77,77,78,78,78,78,98.71794871794873
oe:player:cb4cd2fd258d5961d2f1c4815b04123,sup,JoJo,CBLOL,FURIA,77,2026-01-17 18:27:20,2026-09-26 19:53:47,77,214.9941987012987,0.0794592844155844,0.10379613506493507,1.0607,1.9057857142857142,0.4822493506493507,80.06493506493507,47.84415584415584,-0.7012987012987013,0.022076583623203562,0.053780097864247756,0.3517965591474958,0.7767241043225339,86.95834220734285,0.24768324795147015,0.05360243121009201,404.659354391292,77,77,77,77,77,77,77,77,77,77,77,77,77,100.0
oe:player:cbe20c64274a87a21e5bdac1ccc3e77,jng,Rhilech,LEC,Natus Vincere,75,2026-01-17 18:08:00,2026-09-18 18:12:05,75,470.537808,0.18650986666666666,0.21155318666666667,7.424693333333333,0.314984,0.41523733333333335,297.9866666666667,174.72,3.6,0.10727266534528705,0.08274610185281227,0.1957045647168219,0.7726528497267627,141.40977845011358,0.7825805236753824,0.04979906820725825,657.4950106343082,75,75,75,75,75,75,75,75,75,75,75,75,75,100.0
oe:player:cce40f4b3dab509dbf23a9eaefed6ec,jng,Sinatra,CBLOL,LOUD,24,2026-07-25 19:31:37,2026-09-27 19:49:11,24,416.87447083333336,0.16588804166666668,0.20114775,7.122333333333334,0.41096249999999995,0.3290166666666667,68.0,39.583333333333336,2.25,0.08995322961255157,0.08870502163161609,0.23541909153468202,0.7178378305056694,147.41720143964523,0.7652804099133215,0.05490470127048008,683.2141430162225,24,24,24,24,24,24,24,24,24,24,24,24,24,100.0
oe:player:cefb78f4cb1e9cca79eefc393d98e72,top,Brayaron,CBLOL,Golden Lions,2,2026-09-28 21:04:54,2026-09-28 21:55:14,2,595.07855,0.2768585,0.194654,8.585049999999999,0.3225,0.12105,-787.5,-653.0,-2.0,0.02021563342318059,0.14126570897792573,0.10059071714722614,0.325,35.94952088755844,0.3623922253581057,0.08611234805541505,521.1376977344855,2,2,2,2,2,2,2,2,2,2,2,2,2,100.0
oe:player:d11068c782573b34be81beb5a4eeb12,top,Wunder,LEC,SK Gaming,52,2026-01-17 19:07:52,2026-08-29 16:05:12,52,638.8707711538462,0.2327146346153846,0.20473982692307693,8.725923076923078,0.5298499999999999,0.1647923076923077,-311.28846153846155,-393.1923076923077,-2.730769230769231,0.07609528840577208,0.11033271924040028,0.12716781697541596,0.49604056641054967,223.4545600451429,0.8768795760134699,0.06669994199033573,950.3197880040677,52,52,52,52,52,52,52,52,52,52,52,52,52,100.0
oe:player:d1ae0e2f9f3ac1e0e0cdcb86504ca77,mid,Feisty,CBLOL,LØS,87,2026-01-17 19:25:07,2026-10-01 22:55:23,87,661.6092494252873,0.23407213793103449,0.2038821264367816,8.659957471264368,0.3906114942528735,0.2685896551724138,363.5402298850575,133.4367816091954,9.32183908045977,0.10539283260632298,0.06729593869808559,0.2059940637495216,0.6369370541060391,203.46101895564826,0.8951665084337311,0.05074910067032021,753.9426880414117,87,87,87,87,87,87,87,87,87,87,87,87,87,100.0
oe:player:d24f38ec30ce6f7577066f80e43e4bf,sup,Kael,LPL,Anyone's Legend,138,2026-01-15 09:26:10,2026-09-13 12:03:56,108,218.89827971014492,0.08085610869565218,0.10322580217391304,1.1839478260869567,2.151023188405797,0.5054775362318841,39.7962962962963,-98.42592592592592,0.49074074074074076,0.021291106217017245,0.08341293129167006,0.34572761386261824,0.7510643808875824,96.19884957035167,0.24604881635914438,0.06282520536008691,425.4519698834913,138,138,138,138,138,138,108,108,108,138,138,138,137,78.26086956521739
oe:player:d2b317a92a71a850ae3da1e0d83e883,bot,1xn,LPL,LNG Esports,53,2026-01-16 09:16:42,2026-08-19 09:06:07,42,878.3498433962264,0.3121738679245283,0.281555679245283,10.159030188679244,0.41649433962264154,0.412577358490566,485.6666666666667,345.4761904761905,10.904761904761905,0.15373461880731706,0.07498208661721503,0.16842779480721642,0.6738451446418191,291.00115026520393,0.9133360655785483,0.058773452148104435,884.3835297212836,53,53,53,53,53,53,42,42,42,53,53,53,53,79.24528301886792
oe:player:d617210b92fa03e78554883250d432c,top,Gakgos,LCS,FlyQuest,70,2026-01-25 21:13:51,2026-09-25 23:27:30,70,575.4944242857143,0.21866906714285714,0.20291199999999998,8.53310857142857,0.43044714285714286,0.12175857142857142,29.857142857142858,42.114285714285714,1.6714285714285715,0.06741659833913123,0.07661200713998378,0.15575960939362943,0.5211351879031436,192.59375997651418,0.909616908333099,0.05582300002317991,898.2230491157154,70,70,70,70,70,70,70,70,70,70,70,70,70,100.0
oe:player:d61d8a0b25028f787123bfff542d305,top,Guigo,CBLOL,FURIA,77,2026-01-17 18:27:20,2026-09-26 19:53:47,77,624.4179181818182,0.22736172727272727,0.20334992207792207,8.429976623376623,0.3938311688311688,0.22167402597402597,-5.064935064935065,-108.27272727272727,-0.974025974025974,0.08820172879837304,0.08006116896640786,0.17789793300073634,0.5796451254370422,210.87842402066568,0.8160984713701277,0.05776479177353373,895.4653500255481,77,77,77,77,77,77,77,77,77,77,77,77,77,100.0
oe:player:d709285b163a94af9d819e568c592ba,mid,VicLa,LCK,BNK FEARX,101,2026-01-15 10:15:24,2026-09-03 11:59:51,101,693.8553168316832,0.2503134455445545,0.21318651485148515,9.05080594059406,0.43417029702970295,0.21838613861386139,-65.10891089108911,48.82178217821782,0.6138613861386139,0.10541681332395543,0.10557146482951671,0.1971485586181726,0.6383791423072959,212.20198413922245,0.7953050523945865,0.05863012379532415,767.5866583127942,101,101,101,101,101,101,101,101,101,101,101,101,101,100.0
oe:player:d7a904873d10637ef44afa9c1de83b3,bot,Ayu,CBLOL,FURIA,77,2026-01-17 18:27:20,2026-09-26 19:53:47,77,769.7185883116883,0.27795324675324673,0.271976012987013,9.682696103896104,0.4257181818181818,0.3158623376623377,56.72727272727273,18.194805194805195,-1.6103896103896105,0.13691016846327886,0.0605949890746111,0.18355098545882886,0.673693643805355,283.74947049354444,0.760302630439381,0.046639491601878635,877.0202937753378,77,77,77,77,77,77,77,77,77,77,77,77,77,100.0
oe:player:d8362fe0d38ca0e70953ed957deaa00,sup,Rekkles,LEC,Los Ratones,11,2026-01-17 16:08:02,2026-02-08 15:53:10,11,240.49374545454546,0.09742540909090908,0.10790092727272728,1.4361636363636363,2.0271636363636363,0.5883363636363637,-68.54545454545455,636.2727272727273,6.818181818181818,0.013127152804331325,0.026816036188377825,0.24721969043549769,0.7591056670602125,83.48821126475717,0.3163634216300211,0.02482499547114529,300.25967549318494,11,11,11,11,11,11,11,11,11,11,11,11,11,100.0
oe:player:d87853a5c1c5463889d70a62cdbcffc,top,Clear,LCK,BNK FEARX,111,2026-01-15 10:15:24,2026-09-03 11:59:51,111,587.0587891891892,0.21367242522522523,0.20148627927927928,8.622203603603603,0.45637927927927924,0.17411441441441441,-114.1981981981982,-22.54954954954955,-2.918918918918919,0.08282999738736749,0.0951843565693108,0.152515164506599,0.493002792593922,182.3727842140694,0.9565246495828655,0.05068385176205592,898.1322520534168,111,111,111,111,111,111,111,111,111,111,111,111,111,100.0
oe:player:d971df9441d60af93a87545e6a8f884,bot,JiaQi,LPL,"Invictus Gaming, Top Esports",106,2026-01-14 12:37:55,2026-09-12 13:07:02,84,806.4086216981132,0.2832284433962264,0.2824704433962264,9.938951886792452,0.4051632075471698,0.3753754716981132,226.57142857142858,98.20238095238095,4.404761904761905,0.15032658926643788,0.11392319827736835,0.1733673420814541,0.6540108147378112,223.58210831813545,0.7803826663559279,0.06460843666389947,1241.9271100365422,106,106,106,106,106,106,84,84,84,106,106,106,106,79.24528301886792
oe:player:da3299cd46f1ad8a86bbadeb6b8a320,bot,Assum,LPL,"Invictus Gaming, Ninjas in Pyjamas",77,2026-01-19 12:21:37,2026-08-09 08:16:44,63,802.6630402597402,0.2900470519480519,0.2794975064935065,9.978185714285713,0.43988181818181815,0.33293766233766237,-17.174603174603174,-81.63492063492063,-2.1746031746031744,0.14394709308355896,0.08739850254743407,0.16472519340296263,0.6509289116875436,242.88399488188386,0.8042332711337532,0.058913540306372636,1060.058588455139,77,77,77,77,77,77,63,63,63,77,77,77,77,81.81818181818183
oe:player:da42b9f18367dc6c30476ec117c29de,mid,Saber,LPL,Ultra Prime,23,2026-01-15 07:12:06,2026-05-15 10:06:44,20,659.5491086956521,0.28450182608695657,0.24320626086956523,9.943613043478262,0.3559695652173913,0.2772173913043478,-54.85,233.7,3.25,0.1168921521811719,0.04401802616662096,0.1559053248190578,0.7717044462132016,176.7381606955326,1.158727356081328,0.03629739690743118,651.5785104368912,23,23,23,23,23,23,20,20,20,23,23,23,23,86.95652173913044
oe:player:da9f969a7ab3819b9e528072aa4d5e6,top,Siwoo,LCK,Dplus Kia,120,2026-01-14 11:22:18,2026-09-06 11:11:44,120,610.5934450000001,0.22529513,0.20044094166666668,9.1252725,0.46692833333333333,0.18014999999999998,10.583333333333334,-11.441666666666666,3.9833333333333334,0.069916009109734,0.09121523941540072,0.12459197043971784,0.43888011017367645,205.72836450210357,0.9026989501575516,0.060268641380784777,833.2107744609827,120,120,120,120,120,120,120,120,120,120,120,120,120,100.0
oe:player:db79ce6ad35451c938fbe2995dabd37,sup,Keria,LCK,T1,109,2026-01-16 10:08:16,2026-09-12 08:21:21,109,251.8824752293578,0.08786831009174313,0.10460043486238532,1.0636642201834863,2.195077981651376,0.4036926605504587,80.02752293577981,285.5596330275229,-0.908256880733945,0.027317880036296847,0.081707462409303,0.3523525546949323,0.740490601653306,103.16869036939163,0.23948396239620737,0.054644424619729584,415.5698332079833,109,109,109,109,109,109,109,109,109,109,109,109,108,100.0
oe:player:dda07addeb137c860725f0c964dcbbf,mid,Grevthar,CBLOL,KaBuM! Ilha das Lendas,5,2026-09-28 21:04:54,2026-09-30 22:47:59,5,617.84258,0.232221,0.21401279999999998,8.65498,0.37679999999999997,0.22366000000000003,-592.2,-81.6,-6.6,0.11625169655541794,0.06515772118525318,0.19184219738083816,0.5881784881784882,182.3385948586777,0.6011950823152171,0.052667164573884526,757.6738744341129,5,5,5,5,5,5,5,5,5,5,5,5,5,100.0
oe:player:de23ee5a66222e1e02da354414f2971,jng,Oddie,CBLOL,Estral Esports,6,2026-09-29 21:04:45,2026-10-01 22:55:23,6,534.6921,0.1731345,0.20627983333333333,6.788483333333333,0.37423333333333336,0.21358333333333335,79.33333333333333,-136.83333333333334,-1.3333333333333333,0.17232346651208894,0.06880157713551062,0.2905227992780386,0.6010467980295566,115.79521864710995,0.6992825392262177,0.04466241045308038,999.8573231549923,6,6,6,6,6,6,6,6,6,6,6,6,6,100.0
oe:player:dea5251e486aed942e1bc06e1d5c116,sup,Life,LCK,DN SOOPers,18,2026-01-14 08:13:43,2026-05-15 11:12:17,18,243.02742777777777,0.10460231111111112,0.1075931,0.9816777777777779,1.7823055555555554,0.4368,-353.3888888888889,-342.72222222222223,-1.1111111111111112,0.03049655752356145,0.1753806278861109,0.15658380110361095,0.659811155628402,90.65970833561397,0.19151798120328808,0.0700365251426806,396.99164888073625,18,18,18,18,18,18,18,18,18,18,18,18,17,100.0
oe:player:df6940da41ba9a3df7055e75f3daac9,jng,Draktharr,LCP,GAM Esports,73,2026-01-17 06:17:02,2026-08-22 13:02:20,73,430.40318356164386,0.1641771780821918,0.19687583561643834,7.043212328767123,0.4058958904109589,0.3383054794520548,-99.54794520547945,-88.94520547945206,-2.232876712328767,0.09181168553019584,0.09308073531653334,0.24862674907650378,0.7223387933448449,164.8316941224981,0.7609109023884912,0.05308080270210914,743.2463895546327,73,73,73,73,73,73,73,73,73,73,73,73,73,100.0
oe:player:dfc279de8d7bd571aa8edfd7eb89c03,sup,Moham,LPL,"Oh My God, Weibo Gaming",45,2026-01-16 09:16:42,2026-08-19 09:06:07,35,191.52543333333335,0.07755682888888889,0.10371645555555556,1.2554,2.1077822222222222,0.6037333333333333,-54.25714285714286,-176.97142857142856,0.6,0.01534113050262782,0.0855482650713272,0.23572336734406754,0.750205300948335,71.38218768776856,0.24317533330350904,0.051797363501835295,467.6005297924553,45,45,45,45,45,45,35,35,35,45,45,45,45,77.77777777777779
oe:player:dfe5b204f04f40a84019af080662259,sup,Jwei,LPL,"EDward Gaming, Invictus Gaming, Weibo Gaming",73,2026-01-14 09:13:04,2026-07-30 08:06:11,54,176.69351643835617,0.0693951095890411,0.10034911643835616,1.1673013698630137,1.99243698630137,0.4324068493150685,-78.29629629629629,135.1851851851852,3.3703703703703702,0.01624174684741902,0.09660918148690156,0.2593528225595847,0.7377926408075057,61.84998556828632,0.23766754060916384,0.06085924424288547,380.6266248348815,73,73,73,73,73,73,54,54,54,73,73,73,73,73.97260273972603
oe:player:e038414b765a8bda52e602f7eaeff04,sup,Prime,LEC,Karmine Corp Blue,11,2026-01-17 20:06:09,2026-02-08 16:47:25,11,196.1678272727273,0.0737353090909091,0.10039042727272728,0.9321818181818181,2.2822545454545455,0.5228272727272727,-212.36363636363637,-477.90909090909093,-1.6363636363636365,0.03167959391872151,0.10887951982105527,0.21681467262677706,0.6862766021856931,92.38469618729167,0.19638724407752056,0.05084967016790059,408.35677360055456,11,11,11,11,11,11,11,11,11,11,11,11,11,100.0
oe:player:e1edfc5cea461399a63cb813cf795cc,mid,Faker,LCK,T1,109,2026-01-16 10:08:16,2026-09-12 08:21:21,109,653.6463990825688,0.22790866972477064,0.20851957798165138,8.940035779816514,0.45522018348623855,0.2548045871559633,-227.29357798165137,-190.8256880733945,-4.981651376146789,0.1047805101156313,0.09547438600280048,0.19340692564487463,0.5872347165940168,190.66800199058946,0.7959606755039423,0.05765045925126992,823.2104868176326,109,109,109,109,109,109,109,109,109,109,109,109,108,100.0
oe:player:e214e8e906f16ec13e9a88de30dc181,bot,Jopa,LEC,SK Gaming,52,2026-01-17 19:07:52,2026-08-29 16:05:12,52,814.1286269230769,0.29594838461538464,0.27813425,10.012746153846154,0.46263461538461537,0.29862115384615384,-142.42307692307693,79.86538461538461,-1.6538461538461537,0.12175811996706584,0.08291046783284012,0.14955113329499306,0.6640332821682937,257.6878593825165,0.8181043977825763,0.04491860887698876,825.1909189941118,52,52,52,52,52,52,52,52,52,52,52,52,52,100.0
oe:player:e2af2b779499aa25ab9a9c10c9a5ffd,bot,Caliste,LEC,Karmine Corp,104,2026-01-17 20:06:09,2026-09-19 17:16:53,104,813.8727836538461,0.2839064903846154,0.2849491538461538,10.676685576923076,0.5012221153846154,0.34771826923076926,108.625,17.28846153846154,1.8942307692307692,0.14245562825607777,0.053003057499345335,0.16094626671860904,0.6402787015714557,239.4411484478547,0.7584222541666334,0.03708756394786737,1014.6338780828274,104,104,104,104,104,104,104,104,104,104,104,104,103,100.0
oe:player:e2c655411d8d95ef73d8026704f5e7a,bot,Rahel,LCS,Sentinels,66,2026-01-24 23:14:34,2026-09-18 23:20:29,66,679.2660606060606,0.2604953484848485,0.2778156212121212,10.165421212121213,0.4805409090909091,0.2907984848484848,-56.121212121212125,2.378787878787879,-1.9393939393939394,0.11700233999966707,0.06789286709725145,0.15280117583167543,0.7197865705330031,286.4836053144107,0.910486928139199,0.04699094419864493,927.5643459355346,66,66,66,66,66,66,66,66,66,66,66,66,66,100.0
oe:player:e3b8d5a9290fe0c7458dc01db4dc9dc,mid,Serin,LEC,Team Heretics,55,2026-01-17 18:08:00,2026-08-30 14:51:48,55,623.61304,0.26301234545454544,0.20907352727272727,8.81476,0.36828727272727274,0.1786490909090909,-356.8181818181818,-255.14545454545456,-8.872727272727273,0.07650610808976921,0.07691978052657795,0.10577464201066036,0.656210795957538,177.49467444496344,0.8214708224118942,0.05176672521039847,662.884188838026,55,55,55,55,55,55,55,55,55,55,55,55,55,100.0
oe:player:e4e24b8656e4e6a74b939af730b0148,sup,Lehends,LCK,Nongshim RedForce,79,2026-01-15 10:15:24,2026-08-27 10:48:14,79,243.53276075949367,0.08302680253164557,0.1042464088607595,1.1199822784810127,1.8290594936708862,0.4752367088607595,2.5822784810126582,58.36708860759494,2.240506329113924,0.02278492863062197,0.13478433711383492,0.3373611797322783,0.7079514356818831,104.5915992236941,0.24925265307823075,0.07220167870428659,484.69815104933036,79,79,79,79,79,79,79,79,79,79,79,79,79,100.0
oe:player:e5f6c83e6e97c74fc9e9760fc8972ae,bot,Eddie,LCP,Team Secret Whales,79,2026-01-16 06:23:26,2026-08-30 10:26:53,79,848.762564556962,0.27879077215189874,0.2830665696202532,10.198096202531644,0.48039746835443037,0.31623037974683543,550.2151898734177,289.54430379746833,10.177215189873417,0.1850115518415594,0.06242908729792717,0.23066540923839468,0.6446420134355458,271.3561898196506,0.9009200982589589,0.05470708428415701,1212.493475223111,79,79,79,79,79,79,79,79,79,79,79,79,79,100.0
oe:player:e5feef89d633a666eeaaf6392ca2fa9,jng,YoungJae,CBLOL,LOUD,48,2026-01-17 18:27:20,2026-05-26 00:35:59,48,474.6481958333333,0.17542525833333333,0.20552697916666665,7.220008333333333,0.48254375,0.3805479166666667,-125.45833333333333,-140.45833333333334,-1.8958333333333333,0.08496302695439761,0.10308298581684161,0.19089250807066202,0.6976690685903525,158.8869513354873,0.9432335016593094,0.06404799639612835,864.162587104044,48,48,48,48,48,48,48,48,48,48,48,48,48,100.0
oe:player:e68cc4b2bef76a96aae344b49a81579,mid,Daystar,LCK,BNK FEARX,10,2026-04-12 08:05:05,2026-04-26 08:50:58,10,605.2078300000001,0.21687530000000002,0.2141395,8.77955,0.46420000000000006,0.22961,-477.6,-259.4,-9.3,0.12597911904454834,0.10046257204141396,0.18046293616593706,0.6351968021085668,120.14553109883077,0.8754706724575829,0.047214186955809354,1284.7252365129802,10,10,10,10,10,10,10,10,10,10,10,10,10,100.0
oe:player:e78da55d6db43d982f841204a8e51ac,sup,Zhuo,LPL,"Ninjas in Pyjamas, Top Esports",108,2026-01-19 12:21:37,2026-09-05 10:08:34,82,208.66189629629628,0.07660907222222223,0.10487439444444445,1.156162037037037,1.991074074074074,0.4965759259259259,-17.451219512195124,137.1951219512195,2.1951219512195124,0.023087179678882387,0.08211267146778163,0.3372791275688513,0.7680329229267668,81.20296714337259,0.2668299905791087,0.05631721226499359,366.35707982345036,108,108,108,108,108,108,82,82,82,108,108,108,108,75.92592592592592
oe:player:e85e46c5f3d3fcce55af9ca6a4cb45c,top,sasi,LPL,"LGD Gaming, Ultra Prime",29,2026-01-15 07:12:06,2026-05-15 10:06:44,24,489.4577517241379,0.1979410172413793,0.18812755172413792,8.567493103448276,0.4724137931034483,0.15413103448275864,-388.0,-130.95833333333334,-7.541666666666667,0.04599828110710678,0.06850017738190868,0.12267200302688275,0.44161755767926364,212.34337304738057,0.9658795610112635,0.04510411658860888,474.2460377776772,29,29,29,29,29,29,24,24,24,29,29,29,29,82.75862068965517
oe:player:e9017664588010860a92ceb5f8fcb82,mid,Quad,LCS,FlyQuest,70,2026-01-25 21:13:51,2026-09-25 23:27:30,70,674.0354971428571,0.2597901,0.20916125714285713,8.65792857142857,0.46743,0.19089142857142857,-55.94285714285714,9.971428571428572,0.2,0.08565513584806723,0.07875829979227222,0.20222871217512325,0.6947157263955333,180.4503904236511,0.9627360366545402,0.05962000147001344,633.8568367076227,70,70,70,70,70,70,70,70,70,70,70,70,70,100.0
oe:player:e9a0da5ca2d009aeedf5afcfccffde5,bot,Feng,LCP,Deep Cross Gaming,91,2026-01-16 09:25:37,2026-08-13 12:22:32,91,780.2370615384615,0.2707039120879121,0.26681797802197804,9.508853846153846,0.5206945054945055,0.291410989010989,-99.03296703296704,36.175824175824175,-3.978021978021978,0.1522339008741228,0.1007993848498541,0.17241155181417123,0.6320169982192229,285.8704674121029,0.958761165058291,0.07173419027361923,1344.6148680367712,91,91,91,91,91,91,91,91,91,91,91,91,91,100.0
oe:player:ea58943d300b14d684bb05b3975fe15,mid,Roamer,LCK,HANJIN BRION,76,2026-01-14 11:22:18,2026-08-28 11:40:15,76,611.730127631579,0.23594868421052628,0.20297342105263158,8.717648684210525,0.4302763157894737,0.23255263157894737,-229.1578947368421,-236.32894736842104,-5.881578947368421,0.08311077240884024,0.08614738586528475,0.18305177199727476,0.65861494211059,175.45730708429912,0.8943023519285366,0.054831006911683404,819.9525523285939,76,76,76,76,76,76,76,76,76,76,76,76,76,100.0
oe:player:ea9ed09584feecae0991089f087d2ce,mid,APA,LCS,Cloud9,46,2026-01-24 21:24:34,2026-06-13 21:59:47,46,685.627652173913,0.2467258260869565,0.21584291304347827,8.878963043478262,0.5004847826086957,0.23748913043478262,-170.08695652173913,-194.95652173913044,-3.4130434782608696,0.11055247113895614,0.07960589333155176,0.1993960974216707,0.6814256407544536,256.95361570114534,0.9321538622062809,0.054348463556282936,706.2180282190781,46,46,46,46,46,46,46,46,46,46,46,46,46,100.0
oe:player:eada4723af6f51cf2391d85b5fde49b,bot,Ruler,LCK,Gen.G,100,2026-01-15 08:05:23,2026-09-13 08:19:05,100,807.3498119999999,0.27462285000000003,0.27540536,10.420667000000002,0.462723,0.40966299999999994,150.46,71.22,3.35,0.1700183026610391,0.06380411564370533,0.19843281872876442,0.672064451450029,247.78702048496243,0.8208915152497864,0.04360586201500581,1064.0301072295415,100,100,100,100,100,100,100,100,100,100,100,100,100,100.0
oe:player:eaebb7118d7bd83eabac513053e1f6c,bot,Smash,LCK,Dplus Kia,120,2026-01-14 11:22:18,2026-09-06 11:11:44,120,746.5895966666667,0.275126025,0.28612150833333333,10.7027625,0.45972833333333335,0.3585308333333333,216.275,129.84166666666667,3.433333333333333,0.13974855213101856,0.06745019475251587,0.15881538239053164,0.6716079842401967,224.13068393561497,0.796744614889264,0.04903699852647502,1061.0673393001084,120,120,120,120,120,120,120,120,120,120,120,120,120,100.0
oe:player:ec0c2b8d7630efba391c288765d4d7e,bot,Carzzy,LEC,Team Vitality,78,2026-01-17 19:07:52,2026-09-12 18:48:25,77,830.9268769230769,0.28800079487179486,0.2732130512820513,9.858638461538462,0.4335179487179487,0.33539487179487176,25.12987012987013,-11.246753246753247,-0.4805194805194805,0.13249915846995458,0.07549836717284403,0.15328300490245406,0.6137613818338159,290.7025010543574,0.8592702846822192,0.048342720575160834,1083.840495531483,78,78,78,78,78,78,77,77,77,78,78,78,78,98.71794871794873
oe:player:ecdb594501a5800ad0f5c4e6b3b5a84,top,Yupps,CBLOL,KaBuM! Ilha das Lendas,5,2026-09-28 21:04:54,2026-09-30 22:47:59,5,537.0694,0.20927160000000003,0.17649600000000001,7.729940000000001,0.39218000000000003,0.09972,-446.2,-166.8,-18.8,0.06330039115127575,0.11303036744984318,0.14175385747553376,0.37016317016317013,94.14962035292548,1.1859753888677458,0.08458972076035909,1226.9526070716831,5,5,5,5,5,5,5,5,5,5,5,5,5,100.0
oe:player:ed29043422e3c515e1cb292464b990b,mid,Knight,LPL,Bilibili Gaming,140,2026-01-15 11:30:15,2026-09-13 12:03:56,113,775.0000435714286,0.2640681642857143,0.23056329999999997,9.169388571428572,0.31583999999999995,0.27728785714285714,535.8318584070796,340.4070796460177,9.265486725663717,0.19213827013919488,0.06019988704426567,0.21077285184650674,0.6897657715902241,243.6190825146619,0.9538750932577664,0.04841411368485096,827.0940620917361,140,140,140,140,140,140,113,113,113,140,140,140,140,80.71428571428572
oe:player:ed455f823b6586e9e3621dfb5aeb42e,jng,Blaber,LCS,Cloud9,74,2026-01-24 21:24:34,2026-09-27 22:30:06,74,422.3845891891892,0.15568768243243242,0.20614513513513513,7.5154324324324335,0.3622445945945946,0.38347297297297295,27.945945945945947,20.89189189189189,0.24324324324324326,0.09241125527692845,0.07130340052397087,0.23900585250259243,0.7311691409679025,170.8461679768334,0.7238477237326272,0.04889091246787492,794.9686457484129,74,74,74,74,74,74,74,74,74,74,74,74,74,100.0
oe:player:ede24d5e0911d7a4f6ec514a67802ff,top,Myrwn,LEC,Movistar KOI,94,2026-01-17 21:08:03,2026-09-20 17:13:10,93,593.5761180851064,0.2167802,0.18963859574468087,8.316047872340425,0.4548531914893617,0.19975212765957448,-164.13978494623655,-158.30107526881721,-4.849462365591398,0.07545782265367165,0.0850517092467257,0.16509184355160925,0.5026483512616687,199.84082310041242,0.9063629959192767,0.05564335711005191,850.9261653888848,94,94,94,94,94,94,93,93,93,94,94,94,94,98.93617021276596
oe:player:edf8b064c096691e539b7e2a3e28179,mid,Humanoid,LEC,Team Vitality,48,2026-01-17 19:07:52,2026-05-31 17:09:50,47,749.1790375,0.2532725,0.21720766666666666,9.279235416666667,0.41741249999999996,0.19746041666666667,-69.02127659574468,-176.53191489361703,-3.0638297872340425,0.09233220754881877,0.08769334478785788,0.15464333646736475,0.5768977609471998,244.91632207273054,0.8181765331255041,0.05252829772463473,763.3420935015822,48,48,48,48,48,48,47,47,47,48,48,48,48,97.91666666666666
oe:player:ee051912ad5f9a97aa9ce4980cbb481,sup,Peter,LCK,DN SOOPers,62,2026-01-21 11:14:52,2026-08-22 12:30:01,62,216.28045,0.0814654,0.10532806129032259,1.0882983870967744,2.0047629032258065,0.4955532258064516,-62.74193548387097,-133.48387096774192,1.467741935483871,0.023445654415853893,0.11840526577981318,0.3041065048778626,0.7878050399588052,81.94570626913365,0.20754803788555254,0.06610137315705998,405.39193484273557,62,62,62,62,62,62,62,62,62,62,62,62,62,100.0
oe:player:eede71c35922ad83e3bb96fb56c40e5,jng,Luuukz,CBLOL,FURIA,2,2026-08-01 16:11:48,2026-08-01 16:57:33,2,400.99204999999995,0.1987025,0.18545499999999998,5.70665,0.2835,0.36715,-957.0,-1144.5,-18.5,0.03509355390584114,0.18894410229362898,0.0674734783526841,0.5,42.35901959494579,0.37738288911926016,0.0533375861153306,981.4642122869279,2,2,2,2,2,2,2,2,2,2,2,2,2,100.0
oe:player:eeec6c7a9d2b475c23650b202208b89,top,Lot,LEC,GiantX,50,2026-01-17 17:06:08,2026-06-01 16:56:41,50,512.40207,0.20448064999999999,0.20635905999999998,8.733276,0.371476,0.218198,-9.98,47.76,2.12,0.07162519132732585,0.08789422707840462,0.12909893590520072,0.5183525834719344,193.95707965919618,1.0319747967101225,0.05988567727208854,763.5014264317163,50,50,50,50,50,50,50,50,50,50,50,50,49,100.0
oe:player:efd1b76f52f29c9252d5375eea2b594,mid,Namiru,CBLOL,paiN Gaming,15,2026-08-30 16:10:56,2026-09-20 18:46:20,15,570.4892466666666,0.2205038666666667,0.2214072,9.034913333333332,0.45074666666666663,0.23279333333333335,-324.73333333333335,-27.733333333333334,-5.266666666666667,0.09097906633748494,0.0788665519191454,0.18556478585643632,0.6338452823979139,184.86488317908174,0.9090084730602012,0.05819362215312365,699.85156249294,15,15,15,15,15,15,15,15,15,15,15,15,15,100.0
oe:player:effd5b04b5d98b779f0a6162c40735a,mid,Fisher,LCP,DetonatioN FocusMe,31,2026-04-04 09:17:19,2026-08-15 11:12:07,31,640.0096419354838,0.26634458064516126,0.22671406451612902,9.135422580645162,0.43975806451612903,0.2122032258064516,-59.25806451612903,127.93548387096774,1.2580645161290323,0.07815218197589724,0.10107501964216108,0.11563053676773001,0.6411397553587707,179.53464709067862,0.772113532113716,0.06029497954939579,769.5925314841153,31,31,31,31,31,31,31,31,31,31,31,31,31,100.0
oe:player:f02f1c8275084050765b4b6414bdfda,top,Fudge,LCS,Shopify Rebellion,59,2026-01-25 21:13:51,2026-09-26 22:35:31,59,525.9510423728814,0.2182228474576271,0.21060979661016951,8.3656,0.44420677966101696,0.16245593220338983,-124.30508474576271,-147.22033898305085,-3.4915254237288136,0.06611262488892232,0.09388995981261607,0.11702173544583208,0.55206278355589,149.57051006787125,0.8977509162268827,0.0523737033000445,890.6362556067916,59,59,59,59,59,59,59,59,59,59,59,59,59,100.0
oe:player:f45792335d83b10581da2f0cbdd6e8e,mid,Saint,LCS,LYON,74,2026-01-25 23:15:54,2026-09-26 22:35:31,74,671.3827337837838,0.2548132972972973,0.22839174324324324,9.342889189189188,0.3776243243243243,0.34443243243243243,213.3783783783784,148.47297297297297,2.081081081081081,0.13099724090839152,0.06331360948265836,0.174900373269601,0.6560587770994368,216.03738688399324,0.9508964176721876,0.044456396585088036,807.4271111376395,74,74,74,74,74,74,74,74,74,74,74,74,73,100.0
oe:player:f52533de1cc92487ab58b973cd2490e,top,ZUIAN,LPL,Top Esports,84,2026-04-04 07:13:58,2026-09-05 10:08:34,66,625.4612916666667,0.21847117976190475,0.20297420238095237,8.239441666666668,0.4457,0.16031785714285712,109.60606060606061,-35.27272727272727,0.8181818181818182,0.09895512442539334,0.0976235376947923,0.1753981302123462,0.5488593446566024,226.31053523869127,1.1701544939918131,0.06170526670687645,1088.595847570309,84,84,84,84,84,84,66,66,66,84,84,84,84,78.57142857142857
oe:player:f5bf9bd732b85e4dcab5121e4769ae4,sup,Alvaro,LEC,Movistar KOI,94,2026-01-17 21:08:03,2026-09-20 17:13:10,93,219.7363244680851,0.08223326914893617,0.10381417446808511,1.1256191489361702,2.0634478723404257,0.5347574468085107,11.870967741935484,-10.505376344086022,2.096774193548387,0.0200800875496473,0.09089098991898101,0.31691462466900744,0.7343732691252047,83.42201937930938,0.22034884477304692,0.06402173536493592,439.06105908459705,94,94,94,94,94,94,93,93,93,94,94,94,94,98.93617021276596
oe:player:f6b8af05a5af22004a67a78f3046b92,bot,Yeon,LCS,Team Liquid,73,2026-01-24 21:24:34,2026-09-27 22:30:06,73,741.6362095890411,0.27752450684931507,0.26516275342465756,9.697005479452054,0.3850082191780822,0.27421780821917807,131.76712328767124,209.5068493150685,4.506849315068493,0.12122749479852105,0.061151213276151785,0.1721398760316819,0.6156740657120993,237.8109790726147,0.8806368713245124,0.04543296108553312,944.5986437598768,73,73,73,73,73,73,73,73,73,73,73,73,73,100.0
oe:player:f6d8ec0afe458e19c057c1407d7da27,mid,Aress,LCP,GAM Esports,45,2026-01-17 06:17:02,2026-06-06 12:33:42,45,552.2399866666667,0.2100993111111111,0.21317568888888888,9.212704444444444,0.5028688888888889,0.23945555555555553,151.86666666666667,95.55555555555556,4.622222222222222,0.11527530286112199,0.059899849518119504,0.17416561930746213,0.6195178703475671,191.81270232768335,0.8313517338854494,0.04935569791728575,682.8846102447256,45,45,45,45,45,45,45,45,45,45,45,45,45,100.0
oe:player:f73dde2d8c7879ae8d1fcdc03c4ffeb,top,Morgan,LCS,Team Liquid,73,2026-01-24 21:24:34,2026-09-27 22:30:06,73,544.0922835616439,0.20552406164383563,0.2004674383561644,8.649097260273972,0.41532876712328765,0.23073561643835613,187.013698630137,221.86301369863014,2.684931506849315,0.07035828734333642,0.0657461722952923,0.1637669635252965,0.5205524755671234,174.44577355024333,1.0451303566983356,0.052160346159888564,775.4669470202145,73,73,73,73,73,73,73,73,73,73,73,73,73,100.0
oe:player:f886838ee1808c2f217208267a829ce,mid,haichao,LPL,Oh My God,34,2026-01-16 09:16:42,2026-05-15 10:06:44,30,609.604655882353,0.24575164705882352,0.23002358823529412,9.450073529411766,0.4243705882352941,0.23933529411764703,150.9,94.96666666666667,0.0,0.10073249801921612,0.06257448411615002,0.1035779419966459,0.6669360631628434,208.83680847243437,0.782727832766387,0.047595370968466506,744.3845571782889,34,34,34,34,34,34,30,30,30,34,34,34,34,88.23529411764706
oe:player:f89b14820da11d8679cfd07da552ca5,sup,uZent,CBLOL,LOUD,41,2026-04-26 16:10:23,2026-09-27 19:49:11,41,213.27570243902437,0.08232038292682926,0.10721478536585366,1.249609756097561,2.0284170731707314,0.5544243902439024,128.0487804878049,188.53658536585365,2.731707317073171,0.021772176595879815,0.0764652685213156,0.2961861422040762,0.7534333345249695,80.22774860865621,0.2625280392690255,0.051474106517695406,501.5517895102913,41,41,41,41,41,41,41,41,41,41,41,41,41,100.0
oe:player:f8b68f268106124fc4bc1c946adc9b0,jng,Oner,LCK,T1,106,2026-01-16 10:08:16,2026-09-12 08:21:21,106,490.04275094339624,0.17037817358490565,0.20212361320754718,6.989256603773585,0.3571075471698113,0.43140754716981133,-71.01886792452831,-58.66981132075472,-1.3584905660377358,0.11713201249076799,0.09454005472159605,0.23011932041355235,0.6914803299472378,177.73467521598016,0.7576449892382839,0.0587679096696627,717.4036518171698,106,106,106,106,106,106,106,106,106,106,106,106,105,100.0
oe:player:f9234f74ef6e8ef9657e1d3afec1098,top,Steller,LCP,MVK Esports,13,2026-04-04 11:24:09,2026-05-23 09:13:26,13,639.1633538461539,0.227762,0.20380815384615386,8.877961538461538,0.4617538461538461,0.17583076923076923,70.84615384615384,36.07692307692308,5.769230769230769,0.09166397530975418,0.06455218442335693,0.18118225458495035,0.48159905413029863,264.3233495263097,0.8543620793107003,0.03416690879983357,586.7976434504269,13,13,13,13,13,13,13,13,13,13,13,13,13,100.0
oe:player:f9cd2ef9afea5cda0eb3263a025cec1,mid,Zeka,LCK,Hanwha Life Esports,99,2026-01-16 10:08:16,2026-09-13 08:19:05,99,690.1747111111112,0.2453833686868687,0.21874537373737377,9.118553535353536,0.43056767676767677,0.23645252525252525,207.44444444444446,37.23232323232323,1.8181818181818181,0.15083291450438513,0.06839289639420601,0.20963081339820913,0.6903244932506521,205.41329187204107,0.8650011999889202,0.059483459290933446,953.9665443821675,99,99,99,99,99,99,99,99,99,99,99,99,99,100.0
oe:player:f9fe6d28d5b67bf9ac673b2cc8edf15,jng,Cuzz,LCK,KT Rolster,102,2026-01-14 08:13:43,2026-09-04 10:58:00,102,433.05752647058824,0.16754476764705883,0.1968594607843137,6.635936274509804,0.3550823529411765,0.47094117647058825,21.323529411764707,-124.72549019607843,-2.3529411764705883,0.0897844204222811,0.09387639833686481,0.20425839117104191,0.7205658380178673,172.460561390444,0.8280348679448937,0.05346280014116079,671.5059794454437,102,102,102,102,102,102,102,102,102,102,102,102,100,100.0
oe:player:fa6ab005227d25bf19d02ca58f00cab,top,Kratos,LCP,MVK Esports,1,2026-04-11 12:02:31,2026-04-11 12:02:31,1,521.4982,0.227697,0.191517,7.9412,0.5515,0.0551,-548.0,-515.0,-15.0,0.027573529411764705,0.11029411764705882,0.11029411764705882,0.625,,,,,1,1,1,1,1,1,1,1,1,1,1,1,1,100.0
oe:player:fb66ef5885b4be9323905b821dc3a42,top,Bin,LPL,Bilibili Gaming,110,2026-01-15 11:30:15,2026-09-13 12:03:56,91,612.6629563636363,0.21151465363636365,0.19902516363636363,8.926435454545455,0.40879272727272725,0.16960090909090908,405.65934065934067,286.02197802197804,11.197802197802197,0.09085271530839421,0.07391803287696408,0.18684324411098485,0.49815779076969957,187.63631584037628,0.9724504614241813,0.05294608987567732,934.9836863672508,110,110,110,110,110,110,91,91,91,110,110,110,110,82.72727272727273
oe:player:fb6e61b8acb05df17b7e5ad4ae7c800,mid,Chovy,LCK,Gen.G,100,2026-01-15 08:05:23,2026-09-13 08:19:05,100,764.8218330000001,0.25837645,0.22477133,9.774632,0.424533,0.372383,313.58,348.69,10.35,0.13470138215857752,0.05812093997778259,0.22492778693023882,0.6575553097821688,251.27646353150183,0.856974640417785,0.04931355463384921,708.6484102098369,100,100,100,100,100,100,100,100,100,100,100,100,100,100.0
oe:player:fbbdc14045f1d9b78dd8fd4ca50306d,mid,Piqueos,CBLOL,Golden Lions,2,2026-09-28 21:04:54,2026-09-28 21:55:14,2,595.9623,0.2664595,0.234627,7.70105,0.38325,0.060399999999999995,-55.0,-728.0,-15.0,0.14077825900924892,0.14090012150141812,0.10107816711590296,0.675,229.46477719776513,0.9450482130558214,0.08490597093122312,285.6711395993652,2,2,2,2,2,2,2,2,2,2,2,2,2,100.0
oe:player:fbdc4428b2d095c83aebeed5da4e4b2,jng,Xun,LPL,Bilibili Gaming,140,2026-01-15 11:30:15,2026-09-13 12:03:56,113,486.9961242857143,0.16589097857142857,0.19948291428571427,7.13322,0.34898285714285715,0.3126214285714286,-42.7787610619469,111.94690265486726,1.1150442477876106,0.12203122174811187,0.08515299076263638,0.29218871053795364,0.70419314780948,164.70483654415108,0.7344923808881437,0.059841465261311455,768.8568361827057,140,140,140,140,140,140,113,113,113,140,140,140,140,80.71428571428572
oe:player:fd0a05e90aefc83ac69d3352b0f0be6,top,xyno,CBLOL,LOUD,72,2026-01-17 18:27:20,2026-09-27 19:49:11,72,601.6023208333334,0.2285612777777778,0.2220431111111111,9.15183611111111,0.3668972222222222,0.2201875,232.98611111111111,226.125,5.75,0.09634302365224531,0.07081318267262225,0.14884287682302044,0.5761596816346782,186.91931051998318,1.0369636697977604,0.05478135459966952,1039.5092760604155,72,72,72,72,72,72,72,72,72,72,72,72,72,100.0
oe:player:fd108dd07ee510bb9462127d183e1c5,top,Devost,CBLOL,Leviatan,51,2026-01-17 20:16:54,2026-08-30 20:07:25,51,588.7518098039216,0.23258409803921568,0.20113117647058823,8.233535294117647,0.4091176470588235,0.1404078431372549,-462.9019607843137,-358.94117647058823,-6.901960784313726,0.06258441406280864,0.10093046757324473,0.11922764752182716,0.5308245920028144,193.310149135645,0.660537858361965,0.05655313041610403,1019.5422748449809,51,51,51,51,51,51,51,51,51,51,51,51,51,100.0
oe:player:fd22b656b23ca07a276181a4953ba2c,top,Photon,LCS,Dignitas,24,2026-01-25 23:15:54,2026-05-17 20:56:14,24,569.1952916666667,0.22634883333333333,0.206226375,8.264233333333333,0.41614166666666663,0.21672916666666667,-305.2083333333333,-231.66666666666666,-7.208333333333333,0.06018591858296562,0.0711747237426318,0.09408604041351443,0.5697144449595429,192.0865148564956,0.8145631956515987,0.045333601007692986,722.113141753253,24,24,24,24,24,24,24,24,24,24,24,24,24,100.0
oe:player:fdc16c7495d2f61f9f116432b4a1f1a,top,RayFarky,LCP,DetonatioN FocusMe,2,2026-01-17 08:21:31,2026-01-17 09:10:21,2,514.6272,0.256747,0.22220450000000003,8.5519,0.47204999999999997,0.08665,-978.5,-1158.5,-22.0,0.07026839954841138,0.12210029030697275,0.08731385409386593,0.875,25.034832745197292,0.1516036938863967,0.02804040855183737,265.1650429449553,2,2,2,2,2,2,2,2,2,2,2,2,2,100.0
oe:player:fddde6d256bee26713f64ad9b2a9394,mid,Palafox,LCS,Dignitas,41,2026-01-25 23:15:54,2026-09-05 22:48:43,41,570.4652243902439,0.23241770731707317,0.20871978048780487,8.336343902439024,0.5284512195121951,0.19612926829268293,-280.8048780487805,-294.4146341463415,-5.121951219512195,0.07228579903665788,0.11153085976459294,0.11426008972416003,0.5889530954990065,230.24290686126665,0.7753569871513316,0.04823264070749398,669.8270381043226,41,41,41,41,41,41,41,41,41,41,41,41,41,100.0
oe:player:fe4329cec43193c425eb28a4a4b304a,bot,Upset,LEC,Fnatic,60,2026-01-17 16:08:02,2026-08-30 17:34:38,60,736.9898716666667,0.2957025,0.2966196333333333,10.429238333333332,0.470455,0.30394,175.9,-81.51666666666667,-1.1333333333333333,0.12793323552909214,0.05232819148049464,0.1378398583070161,0.6785665853561096,230.83938555215394,0.77993653524766,0.04032326101155068,824.6592866045049,60,60,60,60,60,60,60,60,60,60,60,60,60,100.0
